Rk,Name,,Age,#days,Lev,Tm,G,GS,W,L,SV,IP,H,R,ER,BB,SO,HR,HBP,ERA,AB,2B,3B,IBB,GDP,SF,SB,CS,PO,BF,Pit,Str,StL,StS,GB/FB,LD,PU,WHIP,BAbip,SO9,SO/W
1,Ehire Adrianza\redirect.fcgi?player=1&mlb_ID=501303,gl,29,13,MLB-AL,Minnesota,1,0,,,,1.0,5,3,3,0,1,0,0,27.00,8,2,1,0,0,0,0,0,0,8,21,67%,19%,10%,29%,57%,0%,5.000,.714,9.0,
2,Dario Agrazal\redirect.fcgi?player=1&mlb_ID=642607,gl,24,4,MLB-NL,Pittsburgh,2,2,,1,,11.1,7,6,6,2,6,3,2,4.76,40,1,1,0,1,0,0,0,0,44,171,68%,21%,8%,41%,12%,12%,0.794,.129,4.8,3.00
3,Matt Albers\redirect.fcgi?player=1&mlb_ID=458006,gl,36,0,MLB-NL,Milwaukee,6,0,1,,,5.1,2,0,0,1,7,0,0,0.00,17,1,0,0,1,0,0,0,0,18,71,63%,25%,7%,50%,20%,10%,0.563,.200,11.8,7.00
4,Sandy Alcantara\redirect.fcgi?player=1&mlb_ID=645261,gl,23,4,MLB-NL,Miami,2,2,,,,11.0,12,8,8,6,8,2,0,6.55,43,3,1,0,0,0,1,1,1,49,198,62%,13%,11%,28%,33%,8%,1.636,.303,6.5,1.33
5,Victor Alcantara\redirect.fcgi?player=1&mlb_ID=622505,gl,26,11,MLB-AL,Detroit,1,0,,,,0.2,3,1,1,0,0,0,0,13.50,5,0,0,0,0,0,0,0,0,5,23,70%,17%,0%,100%,0%,0%,4.500,.600,0.0,
6,Tyler Alexander\redirect.fcgi?player=1&mlb_ID=641302,gl,24,3,MLB-AL,Detroit,2,2,,1,,11.1,11,5,5,2,10,0,1,3.97,43,2,1,0,2,0,0,0,0,46,180,65%,16%,10%,33%,27%,3%,1.147,.333,7.9,5.00
7,Logan Allen\redirect.fcgi?player=1&mlb_ID=663531,gl,22,4,MLB-NL,San Diego,3,0,,1,,5.0,5,3,3,4,1,2,0,5.40,20,0,0,0,0,0,0,0,0,24,69,61%,10%,7%,45%,30%,0%,1.800,.176,1.8,0.25
8,Yency Almonte\redirect.fcgi?player=1&mlb_ID=622075,gl,25,11,MLB-NL,Colorado,1,0,,,,2.0,4,3,3,0,0,1,0,13.50,11,0,0,0,0,0,1,0,0,11,42,67%,19%,12%,27%,18%,18%,2.000,.300,0.0,
9,Jose Alvarez\redirect.fcgi?player=1&mlb_ID=501625,gl,30,3,MLB-NL,Philadelphia,4,0,1,,,5.0,2,0,0,1,5,0,0,0.00,16,0,0,1,0,0,0,0,0,17,68,68%,10%,22%,67%,8%,17%,0.600,.182,9.0,5.00
10,Brett Anderson\redirect.fcgi?player=1&mlb_ID=474463,gl,31,5,MLB-AL,Oakland,2,2,,1,,10.2,11,8,8,1,6,3,0,6.75,41,3,0,0,1,1,0,0,0,43,160,66%,14%,6%,47%,31%,8%,1.125,.242,5.1,6.00
11,Chase Anderson\redirect.fcgi?player=1&mlb_ID=502624,gl,31,3,MLB-NL,Milwaukee,3,3,1,,,16.1,12,4,4,6,13,1,1,2.20,58,3,0,0,0,0,2,1,0,66,269,64%,15%,9%,28%,20%,17%,1.102,.250,7.2,2.17
12,Justin Anderson\redirect.fcgi?player=1&mlb_ID=605121,gl,26,1,MLB-AL,Los Angeles,5,0,,,,5.1,3,2,2,4,7,0,0,3.38,17,0,0,0,0,0,0,0,0,22,88,57%,17%,15%,40%,20%,0%,1.313,.300,11.8,1.75
13,Nick Anderson\redirect.fcgi?player=1&mlb_ID=623433,gl,28,1,MLB-NL,Miami,5,0,,,,5.1,3,0,0,2,10,0,0,0.00,19,0,1,0,0,0,0,0,0,21,97,67%,19%,16%,22%,44%,0%,0.938,.333,16.9,5.00
14,Shaun Anderson\redirect.fcgi?player=1&mlb_ID=641312,gl,24,3,MLB-NL,San Francisco,3,3,,1,,14.1,18,12,12,6,13,4,2,7.53,59,5,1,1,2,0,0,0,0,67,242,60%,13%,14%,39%,25%,14%,1.674,.333,8.2,2.17
15,Matt Andriese\redirect.fcgi?player=1&mlb_ID=542882,gl,29,11,MLB-NL,Arizona,2,0,,,,1.1,5,3,3,0,3,1,0,20.25,9,2,0,0,0,0,0,0,0,9,41,71%,12%,20%,33%,17%,0%,3.750,.800,20.3,
16,Chris Archer\redirect.fcgi?player=1&mlb_ID=502042,gl,30,2,MLB-NL,Pittsburgh,3,3,,2,,17.0,17,13,12,8,18,4,1,6.35,68,3,0,0,0,2,1,0,0,79,305,63%,18%,11%,25%,33%,13%,1.471,.271,9.5,2.25
17,Rogelio Armenteros\redirect.fcgi?player=1&mlb_ID=660494,gl,25,9,MLB-AL,Houston,1,1,1,,,5.0,2,1,1,2,6,0,0,1.80,17,0,0,0,0,0,0,0,0,19,91,60%,15%,13%,30%,20%,30%,0.800,.182,10.8,3.00
18,Shawn Armstrong\redirect.fcgi?player=1&mlb_ID=542888,gl,28,0,MLB-AL,Baltimore,5,0,,,1,7.0,2,2,2,3,5,0,0,2.57,23,1,0,0,0,0,0,0,0,26,123,63%,13%,11%,28%,22%,28%,0.714,.111,6.4,1.67
19,Jake Arrieta\redirect.fcgi?player=1&mlb_ID=453562,gl,33,4,MLB-NL,Philadelphia,2,2,,1,,10.2,11,6,5,5,8,1,0,4.22,40,2,0,1,0,0,3,0,0,46,166,62%,15%,5%,62%,24%,3%,1.500,.323,6.8,1.60
20,Luis Avilan\redirect.fcgi?player=1&mlb_ID=501593,gl,29,4,MLB-NL,New York,5,0,,,,3.2,3,0,0,1,3,0,0,0.00,14,0,0,0,0,0,0,0,0,15,58,60%,12%,10%,36%,18%,9%,1.091,.273,7.4,3.00
21,Michel Baez\redirect.fcgi?player=1&mlb_ID=673258,gl,23,0,MLB-NL,San Diego,4,0,,,,4.2,5,0,0,1,6,0,1,0.00,19,0,0,1,0,0,1,0,0,21,88,65%,11%,13%,46%,31%,15%,1.286,.385,11.6,6.00
22,Pedro Baez\redirect.fcgi?player=1&mlb_ID=520980,gl,31,4,MLB-NL,Los Angeles,4,0,2,,,4.1,1,0,0,2,4,0,0,0.00,13,0,0,0,1,0,0,0,0,15,61,62%,18%,13%,60%,20%,20%,0.692,.111,8.3,2.00
23,Homer Bailey\redirect.fcgi?player=1&mlb_ID=456701,gl,33,3,MLB-AL,Oakland,3,3,2,1,,14.2,22,14,14,4,15,3,1,8.59,65,3,3,0,1,0,1,0,0,70,258,63%,16%,8%,41%,27%,8%,1.773,.404,9.2,3.75
24,Luke Bard\redirect.fcgi?player=1&mlb_ID=572703,gl,28,2,MLB-AL,Los Angeles,2,0,,,,5.0,5,3,3,2,1,1,0,5.40,20,1,0,0,0,0,1,0,0,22,87,61%,10%,7%,26%,26%,16%,1.400,.222,1.8,0.50
25,Scott Barlow\redirect.fcgi?player=1&mlb_ID=605130,gl,26,1,MLB-AL,Kansas City,5,0,,,,6.0,3,1,1,3,9,0,0,1.50,20,1,0,1,0,0,1,0,0,24,102,67%,9%,25%,55%,18%,9%,1.000,.273,13.5,3.00
26,Matt Barnes\redirect.fcgi?player=1&mlb_ID=598264,gl,29,0,MLB-AL,Boston,5,0,,,,4.1,1,0,0,2,8,0,0,0.00,14,1,0,0,0,0,0,0,0,16,77,64%,16%,17%,33%,33%,0%,0.692,.167,16.6,4.00
27,Kyle Barraclough\redirect.fcgi?player=1&mlb_ID=607457,gl,29,4,MLB-NL,Washington,1,0,,,,0.1,1,1,1,0,0,1,0,27.00,2,0,0,0,0,0,0,0,0,2,8,38%,0%,0%,0%,0%,0%,3.000,.000,0.0,
28,Jaime Barria\redirect.fcgi?player=1&mlb_ID=642545,gl,22,1,MLB-AL,Los Angeles,3,2,1,2,,13.2,16,14,13,6,12,5,0,8.56,57,5,0,0,0,0,0,0,0,63,258,61%,17%,10%,32%,32%,9%,1.610,.275,7.9,2.00
29,Tyler Bashlor\redirect.fcgi?player=1&mlb_ID=641341,gl,26,2,MLB-NL,New York,4,0,,,,3.2,4,3,3,2,2,1,0,7.36,14,0,0,0,1,0,0,0,0,16,53,68%,19%,11%,58%,0%,8%,1.636,.273,4.9,1.00
30,Anthony Bass\redirect.fcgi?player=1&mlb_ID=542914,gl,31,0,MLB-AL,Seattle,6,0,,,,6.0,3,0,0,0,9,0,0,0.00,21,0,0,0,0,0,0,0,0,21,85,66%,24%,18%,67%,17%,0%,0.500,.250,13.5,
31,Chris Bassitt\redirect.fcgi?player=1&mlb_ID=605135,gl,30,0,MLB-AL,Oakland,3,3,1,1,,17.0,13,7,6,3,15,3,3,3.18,62,2,0,0,2,0,1,0,0,69,271,65%,18%,9%,40%,26%,9%,0.941,.227,7.9,5.00
32,Trevor Bauer\redirect.fcgi?player=1&mlb_ID=545333,gl,28,2,MLB-AL,Cleveland,3,3,1,1,,18.2,17,11,10,9,25,2,0,4.82,71,4,0,0,1,0,1,0,0,80,328,61%,18%,14%,40%,27%,8%,1.393,.341,12.1,2.78
33,Cam Bedrosian\redirect.fcgi?player=1&mlb_ID=592135,gl,27,1,MLB-AL,Los Angeles,5,0,,,,5.0,3,0,0,0,3,0,0,0.00,17,0,0,0,2,0,0,0,0,17,59,64%,15%,12%,47%,33%,0%,0.600,.214,5.4,
34,Tyler Beede\redirect.fcgi?player=1&mlb_ID=595881,gl,26,0,MLB-NL,San Francisco,3,3,,2,,18.2,23,8,8,4,16,4,1,3.86,78,4,0,0,0,0,0,1,1,83,280,67%,14%,14%,39%,27%,10%,1.446,.328,7.7,4.00
35,Jalen Beeks\redirect.fcgi?player=1&mlb_ID=656222,gl,25,3,MLB-AL,Tampa Bay,2,1,,1,,7.2,11,9,9,4,3,3,0,10.57,34,2,0,0,1,0,0,0,0,38,151,62%,20%,6%,55%,16%,10%,1.957,.286,3.5,0.75
36,Jose Berrios\redirect.fcgi?player=1&mlb_ID=621244,gl,25,5,MLB-AL,Minnesota,2,2,1,,,12.2,11,3,2,4,12,1,2,1.42,47,0,0,0,2,1,0,0,0,55,219,70%,15%,10%,58%,13%,3%,1.184,.286,8.5,3.00
37,Chad Bettis\redirect.fcgi?player=1&mlb_ID=518452,gl,30,0,MLB-NL,Colorado,5,0,,,,7.2,12,8,6,4,3,2,1,7.04,35,3,0,0,0,0,0,0,0,40,155,59%,17%,10%,45%,24%,9%,2.087,.333,3.5,0.75
38,Joe Biagini\redirect.fcgi?player=1&mlb_ID=607352,gl,29,0,MLB-AL,Toronto,6,0,,,,7.1,7,3,3,2,9,1,0,3.68,28,2,0,0,1,0,0,0,0,30,123,62%,11%,15%,30%,35%,5%,1.227,.333,11.0,4.50
39,Shane Bieber\redirect.fcgi?player=1&mlb_ID=669456,gl,24,0,MLB-AL,Cleveland,3,3,2,1,,21.2,17,7,7,6,24,1,1,2.91,78,4,0,1,2,0,0,1,0,85,311,67%,22%,12%,33%,33%,7%,1.062,.302,10.0,4.00
40,Kyle Bird\redirect.fcgi?player=1&mlb_ID=613317,gl,26,0,MLB-AL,Texas,5,0,,,,4.0,4,3,3,4,3,1,0,6.75,15,0,0,0,1,0,0,0,0,19,86,56%,13%,14%,58%,8%,0%,2.000,.273,6.8,0.75
41,Ty Blach\redirect.fcgi?player=1&mlb_ID=621389,gl,28,10,MLB-NL,San Francisco,1,0,,,,3.0,7,3,3,1,2,0,0,9.00,15,0,0,0,1,0,0,0,0,16,62,61%,11%,5%,38%,31%,8%,2.667,.538,6.0,2.00
42,Michael Blazek\redirect.fcgi?player=1&mlb_ID=518468,gl,30,0,MLB-NL,Washington,4,0,,,,5.0,6,4,4,5,0,1,0,7.20,21,1,0,0,0,0,0,0,0,26,86,55%,17%,5%,14%,24%,19%,2.200,.250,0.0,0.00
43,Richard Bleier\redirect.fcgi?player=1&mlb_ID=542947,gl,32,3,MLB-AL,Baltimore,5,0,1,,,4.1,4,1,1,0,4,1,0,2.08,17,0,0,0,1,0,1,0,0,17,66,71%,17%,14%,54%,15%,0%,0.923,.250,8.3,
44,Jerry Blevins\redirect.fcgi?player=1&mlb_ID=460283,gl,35,1,MLB-NL,Atlanta,4,0,,,,3.2,2,1,1,2,5,0,0,2.45,13,1,0,0,0,0,0,0,0,15,59,61%,22%,12%,38%,38%,13%,1.091,.250,12.3,2.50
45,Ryan Borucki\redirect.fcgi?player=1&mlb_ID=621366,gl,25,3,MLB-AL,Toronto,2,2,,1,,6.2,15,10,8,6,6,2,0,10.80,34,6,0,0,2,0,0,0,0,40,155,55%,17%,9%,41%,28%,3%,3.150,.500,8.1,1.00
46,Matt Bowman\redirect.fcgi?player=1&mlb_ID=621199,gl,28,11,MLB-NL,Cincinnati,2,0,,,,1.2,4,3,3,0,0,0,0,16.20,8,1,0,0,0,1,0,0,0,9,31,61%,16%,0%,44%,33%,0%,2.400,.444,0.0,
47,Matthew Boyd\redirect.fcgi?player=1&mlb_ID=571510,gl,28,2,MLB-AL,Detroit,3,3,,1,,18.1,14,8,8,5,26,3,0,3.93,69,3,0,1,0,1,0,0,0,75,314,66%,17%,16%,33%,30%,15%,1.036,.268,12.8,5.20
48,Brad Brach\redirect.fcgi?player=1&mlb_ID=542960,gl,33,2,MLB-NL,Chicago,4,0,1,1,,3.0,1,1,1,2,2,1,0,3.00,9,0,0,0,1,0,0,0,0,11,37,57%,14%,14%,43%,0%,29%,1.000,.000,6.0,1.00
49,Archie Bradley\redirect.fcgi?player=1&mlb_ID=605151,gl,26,0,MLB-NL,Arizona,5,0,1,,1,6.2,3,0,0,3,10,0,1,0.00,21,0,0,0,1,0,0,1,0,25,124,62%,20%,10%,55%,9%,9%,0.900,.273,13.5,3.33
50,John Brebbia\redirect.fcgi?player=1&mlb_ID=605154,gl,29,2,MLB-NL,St. Louis,6,0,1,,,8.2,6,2,2,0,10,0,0,2.08,32,2,0,0,0,0,0,0,0,32,111,69%,15%,14%,36%,23%,14%,0.692,.273,10.4,
51,Colten Brewer\redirect.fcgi?player=1&mlb_ID=605155,gl,26,0,MLB-AL,Boston,6,0,,,,3.2,5,2,2,2,3,0,1,4.91,14,2,0,0,0,1,0,0,0,18,73,60%,15%,10%,58%,17%,17%,1.909,.417,7.4,1.50
52,Zack Britton\redirect.fcgi?player=1&mlb_ID=502154,gl,31,2,MLB-AL,New York,4,0,,,,4.0,3,2,2,2,6,1,0,4.50,15,0,0,0,0,0,0,0,0,17,76,59%,14%,14%,78%,11%,0%,1.250,.250,13.5,3.00
53,Aaron Brooks\redirect.fcgi?player=1&mlb_ID=605156,gl,29,3,MLB-AL,Baltimore,3,3,,1,,11.1,18,12,11,4,7,2,1,8.74,50,4,2,0,1,1,3,0,0,56,225,63%,15%,9%,47%,18%,4%,1.941,.381,5.6,1.75
54,Mike Brosseau\redirect.fcgi?player=1&mlb_ID=670712,gl,25,8,MLB-AL,Tampa Bay,1,0,,,,1.0,3,1,1,0,0,0,0,9.00,6,2,0,0,0,0,0,0,0,6,19,68%,37%,0%,17%,50%,0%,3.000,.500,0.0,
55,Ryan Buchter\redirect.fcgi?player=1&mlb_ID=488748,gl,32,0,MLB-AL,Oakland,6,0,,,,4.0,6,2,2,1,2,1,0,4.50,16,1,0,0,0,1,1,2,2,18,80,60%,15%,6%,40%,27%,0%,1.750,.357,4.5,2.00
56,Walker Buehler\redirect.fcgi?player=1&mlb_ID=621111,gl,24,2,MLB-NL,Los Angeles,2,2,1,1,,12.1,13,7,4,3,17,1,1,2.92,50,2,1,0,0,0,0,0,0,54,194,69%,19%,15%,43%,31%,3%,1.297,.375,12.4,5.67
57,Madison Bumgarner\redirect.fcgi?player=1&mlb_ID=518516,gl,29,2,MLB-NL,San Francisco,3,3,1,,,23.0,15,8,8,4,19,1,2,3.13,79,4,0,1,4,1,2,0,0,86,282,68%,15%,13%,44%,21%,3%,0.826,.233,7.4,4.75
58,Aaron Bummer\redirect.fcgi?player=1&mlb_ID=607481,gl,25,0,MLB-AL,Chicago,5,0,,,,4.2,3,0,0,1,1,0,0,0.00,15,0,0,0,2,0,0,0,0,16,57,67%,11%,7%,79%,21%,0%,0.857,.214,1.9,1.00
59,Dylan Bundy\redirect.fcgi?player=1&mlb_ID=605164,gl,26,2,MLB-AL,Baltimore,2,2,1,,,11.0,11,6,6,5,8,2,0,4.91,41,1,0,0,2,0,1,0,0,46,191,64%,20%,11%,44%,25%,6%,1.455,.290,6.5,1.60
60,Ty Buttrey\redirect.fcgi?player=1&mlb_ID=621142,gl,26,1,MLB-AL,Los Angeles,5,0,1,1,,5.0,9,7,7,2,6,0,1,12.60,23,1,0,0,0,1,1,0,0,27,115,66%,16%,11%,47%,21%,11%,2.200,.500,10.8,3.00
61,Trevor Cahill\redirect.fcgi?player=1&mlb_ID=502239,gl,31,3,MLB-AL,Los Angeles,4,0,,,,6.1,8,3,3,3,9,1,0,4.26,26,1,0,0,0,0,1,0,0,29,120,63%,18%,13%,47%,37%,0%,1.737,.438,12.8,3.00
62,Griffin Canning\redirect.fcgi?player=1&mlb_ID=656288,gl,23,0,MLB-AL,Los Angeles,3,2,1,1,,13.0,13,7,7,3,15,1,1,4.85,51,2,0,0,0,1,4,0,1,57,221,63%,18%,11%,49%,26%,3%,1.231,.333,10.4,5.00
63,Matt Carasiti\redirect.fcgi?player=1&mlb_ID=571539,gl,27,3,MLB-AL,Seattle,3,0,,,,2.1,1,0,0,0,1,0,0,0.00,8,0,0,0,0,0,1,0,0,8,32,59%,13%,13%,57%,14%,0%,0.429,.143,3.9,
64,Andrew Cashner\redirect.fcgi?player=1&mlb_ID=488768,gl,32,4,MLB-AL,Boston,2,2,1,1,,12.2,16,7,7,3,13,2,1,4.97,49,3,0,0,2,0,0,1,0,53,203,64%,15%,13%,60%,23%,0%,1.500,.412,9.2,4.33
65,Diego Castillo\redirect.fcgi?player=1&mlb_ID=650895,gl,25,0,MLB-AL,Tampa Bay,6,1,,,1,4.1,5,2,2,2,6,0,0,4.15,17,1,0,0,1,0,0,0,0,19,71,58%,24%,11%,64%,9%,0%,1.615,.455,12.5,3.00
66,Luis Castillo\redirect.fcgi?player=1&mlb_ID=622491,gl,26,4,MLB-NL,Cincinnati,2,2,,1,,11.0,13,7,7,3,10,3,0,5.73,42,3,0,0,2,0,0,0,0,47,185,65%,9%,20%,53%,19%,6%,1.455,.345,8.2,3.33
67,Miguel Castro\redirect.fcgi?player=1&mlb_ID=612434,gl,24,0,MLB-AL,Baltimore,6,0,1,,,6.1,3,2,2,5,10,1,0,2.84,22,0,0,0,0,0,2,0,0,27,103,56%,20%,16%,58%,8%,0%,1.263,.182,14.2,2.00
68,Dylan Cease\redirect.fcgi?player=1&mlb_ID=656302,gl,23,4,MLB-AL,Chicago,2,2,,2,,10.0,10,9,9,7,8,2,0,8.10,38,2,0,0,2,1,0,0,0,46,197,59%,19%,7%,58%,13%,0%,1.700,.276,7.2,1.14
69,Luis Cessa\redirect.fcgi?player=1&mlb_ID=570666,gl,27,0,MLB-AL,New York,4,0,1,,,11.1,9,2,2,2,10,2,0,1.59,42,2,0,0,0,0,0,0,0,44,168,67%,15%,13%,48%,18%,12%,0.971,.233,7.9,5.00
70,Jhoulys Chacin\redirect.fcgi?player=1&mlb_ID=468504,gl,31,6,MLB-NL,Milwaukee,2,2,,1,,5.1,13,11,9,2,7,2,1,15.19,28,4,1,0,0,1,1,0,0,32,132,65%,20%,9%,39%,43%,4%,2.813,.550,11.8,3.50
71,Andrew Chafin\redirect.fcgi?player=1&mlb_ID=605177,gl,29,0,MLB-NL,Arizona,4,0,,1,,3.0,3,5,5,2,5,2,0,15.00,12,0,0,0,0,0,0,0,0,14,62,60%,11%,19%,14%,14%,14%,1.667,.200,15.0,2.50
72,Aroldis Chapman\redirect.fcgi?player=1&mlb_ID=547973,gl,31,2,MLB-AL,New York,4,0,1,,1,4.0,2,3,2,6,5,0,0,4.50,13,0,0,0,0,1,1,0,0,20,85,52%,16%,13%,22%,44%,0%,2.000,.222,11.3,0.83
73,JT Chargois\redirect.fcgi?player=1&mlb_ID=608638,gl,28,3,MLB-NL,Los Angeles,5,0,,,,5.2,6,3,2,0,6,1,1,3.18,19,1,0,0,3,1,2,0,0,21,70,70%,27%,16%,43%,29%,14%,1.059,.385,9.5,
74,Tyler Chatwood\redirect.fcgi?player=1&mlb_ID=543022,gl,29,3,MLB-NL,Chicago,2,1,,,,4.1,5,1,1,1,5,0,1,2.08,18,3,0,0,0,0,0,0,0,20,74,62%,18%,8%,38%,54%,8%,1.385,.385,10.4,5.00
75,Jesse Chavez\redirect.fcgi?player=1&mlb_ID=445926,gl,35,2,MLB-AL,Texas,4,1,,1,,4.1,6,8,7,3,5,1,1,14.54,20,2,0,0,0,0,0,0,0,24,101,57%,18%,8%,40%,33%,7%,2.077,.357,10.4,1.67
76,Wei-Yin Chen\redirect.fcgi?player=1&mlb_ID=612672,gl,33,3,MLB-NL,Miami,4,0,,,,7.0,10,3,3,0,7,1,0,3.86,30,1,0,0,1,0,0,0,0,30,107,69%,16%,8%,39%,43%,9%,1.429,.409,9.0,
77,Yonny Chirinos\redirect.fcgi?player=1&mlb_ID=630023,gl,25,2,MLB-AL,Tampa Bay,3,3,,1,,14.2,23,14,13,5,17,2,0,7.98,67,4,0,0,0,0,0,0,0,72,285,62%,12%,10%,41%,29%,10%,1.909,.438,10.4,3.40
78,Adam Cimber\redirect.fcgi?player=1&mlb_ID=643256,gl,28,4,MLB-AL,Cleveland,7,0,,,,7.2,9,3,3,0,3,0,1,3.52,31,0,0,0,2,0,0,0,0,32,84,73%,12%,11%,46%,29%,4%,1.174,.321,3.5,
79,Steve Cishek\redirect.fcgi?player=1&mlb_ID=518553,gl,33,0,MLB-NL,Chicago,7,0,,,,6.0,6,3,3,4,1,1,2,4.50,24,2,0,1,0,0,0,0,0,30,111,60%,17%,7%,35%,22%,13%,1.667,.227,1.5,0.25
80,Jose Cisnero\redirect.fcgi?player=1&mlb_ID=542585,gl,30,0,MLB-AL,Detroit,4,0,,2,,3.2,4,2,2,1,7,0,1,4.91,14,1,0,1,0,0,0,0,0,17,66,73%,14%,23%,43%,43%,0%,1.364,.571,17.2,7.00
81,Taylor Clarke\redirect.fcgi?player=1&mlb_ID=664199,gl,26,0,MLB-NL,Arizona,3,3,2,,,15.0,14,7,6,4,13,3,1,3.60,57,4,0,0,0,0,0,1,0,62,257,60%,14%,14%,40%,29%,7%,1.200,.268,7.8,3.25
82,Alex Claudio\redirect.fcgi?player=1&mlb_ID=592222,gl,27,0,MLB-NL,Milwaukee,5,0,,,,5.1,5,2,2,2,4,0,0,3.38,20,3,1,1,0,1,0,0,0,23,92,67%,20%,9%,59%,29%,6%,1.313,.294,6.8,2.00
83,Mike Clevinger\redirect.fcgi?player=1&mlb_ID=605182,gl,28,3,MLB-AL,Cleveland,3,3,3,,,20.0,19,5,5,3,26,2,1,2.25,72,2,0,0,3,0,0,0,0,76,315,65%,19%,16%,51%,33%,0%,1.100,.386,11.7,8.67
84,Tyler Clippard\redirect.fcgi?player=1&mlb_ID=461325,gl,34,0,MLB-AL,Cleveland,5,0,,,,7.0,6,1,1,0,7,1,0,1.29,26,1,0,0,0,0,0,1,1,26,94,72%,16%,15%,26%,32%,16%,0.857,.278,9.0,
85,A.J. Cole\redirect.fcgi?player=1&mlb_ID=595918,gl,27,2,MLB-AL,Cleveland,2,0,,,1,1.2,2,1,1,1,2,0,0,5.40,6,0,0,0,0,1,0,0,0,8,37,59%,14%,16%,20%,20%,20%,1.800,.400,10.8,2.00
86,Gerrit Cole\redirect.fcgi?player=1&mlb_ID=543037,gl,28,3,MLB-AL,Houston,3,3,3,,,21.0,13,3,3,5,29,2,0,1.29,74,4,0,0,1,0,0,0,0,79,316,66%,21%,13%,28%,24%,13%,0.857,.256,12.4,5.80
87,Taylor Cole\redirect.fcgi?player=1&mlb_ID=518566,gl,29,0,MLB-AL,Los Angeles,6,2,1,,,8.2,5,1,1,4,8,0,0,1.04,27,1,0,0,3,0,1,0,1,31,128,60%,18%,13%,47%,32%,5%,1.038,.263,8.3,2.00
88,Tim Collins\redirect.fcgi?player=1&mlb_ID=525768,gl,29,7,MLB-NL,Chicago,1,0,,,,1.0,0,0,0,0,0,0,0,0.00,3,0,0,0,0,0,0,0,0,3,11,55%,9%,0%,33%,33%,0%,0.000,.000,0.0,
89,Alex Colome\redirect.fcgi?player=1&mlb_ID=517008,gl,30,0,MLB-AL,Chicago,4,0,,,1,4.0,3,1,1,1,4,0,0,2.25,14,0,0,0,1,0,0,0,0,15,47,62%,15%,13%,70%,10%,0%,1.000,.300,9.0,4.00
90,Adam Conley\redirect.fcgi?player=1&mlb_ID=543045,gl,29,1,MLB-NL,Miami,4,0,,,,5.0,3,1,1,3,1,0,0,1.80,17,0,0,0,1,0,0,0,0,20,69,57%,16%,10%,38%,25%,19%,1.200,.188,1.8,0.33
91,Sam Coonrod\redirect.fcgi?player=1&mlb_ID=656322,gl,26,0,MLB-NL,San Francisco,4,0,1,,,4.0,1,0,0,2,5,0,0,0.00,13,0,0,0,1,0,0,0,0,15,65,62%,17%,9%,50%,0%,25%,0.750,.125,11.3,2.50
92,Patrick Corbin\redirect.fcgi?player=1&mlb_ID=571578,gl,29,1,MLB-NL,Washington,3,3,2,,,17.0,16,4,4,6,20,0,0,2.12,65,3,1,1,1,1,1,1,1,72,313,62%,14%,15%,45%,28%,4%,1.294,.348,10.6,3.33
93,Jimmy Cordero\redirect.fcgi?player=1&mlb_ID=622772,gl,27,2,MLB-AL,Chicago,4,0,,,,6.0,4,3,3,2,5,1,0,4.50,22,2,0,0,1,0,0,0,0,24,88,65%,15%,16%,59%,12%,6%,1.000,.188,7.5,2.50
94,Nestor Cortes Jr.\redirect.fcgi?player=1&mlb_ID=641482,gl,24,3,MLB-AL,New York,3,0,1,,,7.0,6,2,2,6,4,1,0,2.57,24,1,0,0,2,1,0,0,0,31,141,62%,18%,6%,29%,19%,19%,1.714,.250,5.1,0.67
95,Dylan Covey\redirect.fcgi?player=1&mlb_ID=592229,gl,27,2,MLB-AL,Chicago,3,2,,2,,8.2,14,11,11,0,7,4,1,11.42,40,4,0,0,0,0,1,0,0,42,131,71%,15%,12%,47%,31%,0%,1.615,.345,7.3,
96,Stefan Crichton\redirect.fcgi?player=1&mlb_ID=592233,gl,27,3,MLB-NL,Arizona,4,0,,,,4.2,2,0,0,2,3,0,0,0.00,16,0,0,1,0,0,0,0,0,18,66,67%,20%,6%,46%,0%,8%,0.857,.154,5.8,1.50
97,Kyle Crick\redirect.fcgi?player=1&mlb_ID=605195,gl,26,0,MLB-NL,Pittsburgh,6,0,,,,5.2,3,2,1,3,5,0,0,1.59,21,0,0,0,0,0,1,0,0,24,108,66%,13%,13%,44%,19%,6%,1.059,.188,7.9,1.67
98,Charlie Culberson\redirect.fcgi?player=1&mlb_ID=518586,gl,30,12,MLB-NL,Atlanta,1,0,,,,1.0,1,0,0,0,0,0,0,0.00,4,1,0,0,0,0,0,0,0,4,26,62%,15%,0%,25%,25%,25%,1.000,.250,0.0,
99,Yu Darvish\redirect.fcgi?player=1&mlb_ID=506433,gl,32,0,MLB-NL,Chicago,3,3,1,1,,18.0,14,6,6,1,22,2,3,3.00,66,3,0,0,1,1,2,0,0,71,258,71%,17%,13%,44%,13%,9%,0.833,.279,11.0,22.00
100,Zach Davies\redirect.fcgi?player=1&mlb_ID=605200,gl,26,2,MLB-NL,Milwaukee,3,3,1,2,,16.0,18,15,14,7,8,4,0,7.88,63,2,0,0,2,0,3,0,0,70,273,60%,14%,9%,30%,32%,11%,1.563,.275,4.5,1.14
101,Austin Davis\redirect.fcgi?player=1&mlb_ID=656354,gl,26,13,MLB-NL,Philadelphia,1,0,,,,2.0,3,3,3,1,4,1,2,13.50,9,0,0,0,0,0,1,0,0,12,51,59%,20%,14%,40%,20%,0%,2.000,.500,18.0,4.00
102,Wade Davis\redirect.fcgi?player=1&mlb_ID=451584,gl,33,1,MLB-NL,Colorado,3,0,,,1,3.0,1,0,0,1,3,0,0,0.00,10,1,0,0,0,0,1,0,0,11,43,60%,21%,12%,14%,29%,29%,0.667,.143,9.0,3.00
103,Jacob deGrom\redirect.fcgi?player=1&mlb_ID=594798,gl,31,5,MLB-NL,New York,2,2,1,,,14.0,7,0,0,4,19,0,0,0.00,47,1,0,0,0,0,0,1,0,52,208,68%,13%,19%,36%,25%,7%,0.786,.250,12.2,4.75
104,Anthony DeSclafani\redirect.fcgi?player=1&mlb_ID=543101,gl,29,3,MLB-NL,Cincinnati,2,2,1,1,,11.0,8,3,2,3,16,0,0,1.64,41,0,0,0,0,1,4,0,0,45,181,62%,14%,12%,46%,19%,8%,1.000,.308,13.1,5.33
105,Ross Detwiler\redirect.fcgi?player=1&mlb_ID=446321,gl,33,2,MLB-AL,Chicago,4,1,,1,,8.1,13,8,8,1,6,4,0,8.64,38,2,0,0,0,0,0,0,0,40,136,63%,14%,5%,66%,13%,3%,1.680,.321,6.5,6.00
106,Chris Devenski\redirect.fcgi?player=1&mlb_ID=606965,gl,28,2,MLB-AL,Houston,4,0,,,,4.1,3,1,1,1,6,1,0,2.08,16,0,0,0,0,0,0,0,0,17,64,64%,25%,13%,40%,30%,10%,0.923,.222,12.5,6.00
107,Edwin Diaz\redirect.fcgi?player=1&mlb_ID=621242,gl,25,0,MLB-NL,New York,6,0,,,2,4.2,3,2,2,3,5,1,1,3.86,16,1,0,1,0,1,0,0,0,21,97,66%,15%,14%,17%,25%,25%,1.286,.182,9.6,1.67
108,Jairo Diaz\redirect.fcgi?player=1&mlb_ID=545064,gl,28,2,MLB-NL,Colorado,6,0,1,,,6.0,7,5,5,3,5,0,0,7.50,23,2,0,0,1,0,1,1,0,26,99,61%,15%,11%,25%,35%,5%,1.667,.389,7.5,1.67
109,Jake Diekman\redirect.fcgi?player=1&mlb_ID=518617,gl,32,0,MLB-AL,Kansas CityOakland,5,0,,,,4.2,4,1,1,1,8,0,1,1.93,18,0,0,0,0,0,0,0,0,20,70,64%,14%,27%,70%,20%,0%,1.071,.400,15.4,8.00
110,Sean Doolittle\redirect.fcgi?player=1&mlb_ID=448281,gl,32,1,MLB-NL,Washington,4,0,,,3,4.2,3,1,1,0,8,1,0,1.93,17,1,0,0,0,0,1,0,0,17,78,68%,19%,10%,22%,11%,11%,0.643,.250,15.4,
111,Oliver Drake\redirect.fcgi?player=1&mlb_ID=543118,gl,32,0,MLB-AL,Tampa Bay,6,0,,,,3.2,3,3,3,4,3,1,0,7.36,14,1,0,0,0,0,0,0,0,18,62,61%,21%,13%,55%,18%,9%,1.909,.200,7.4,0.75
112,Tyler Duffey\redirect.fcgi?player=1&mlb_ID=608648,gl,28,0,MLB-AL,Minnesota,6,0,,,,5.1,1,2,2,3,7,0,0,3.38,17,0,0,0,0,0,0,0,0,20,81,60%,15%,17%,50%,30%,10%,0.750,.100,11.8,2.33
113,Danny Duffy\redirect.fcgi?player=1&mlb_ID=518633,gl,30,2,MLB-AL,Kansas City,3,3,2,,,18.0,18,8,7,3,21,3,2,3.50,69,4,0,0,1,1,0,0,0,75,285,64%,17%,11%,27%,41%,10%,1.167,.326,10.5,7.00
114,Montana DuRapau\redirect.fcgi?player=1&mlb_ID=657566,gl,27,1,MLB-NL,Pittsburgh,1,0,,,,3.0,5,4,1,2,3,1,0,3.00,15,0,0,0,0,0,0,0,0,17,71,59%,11%,13%,38%,31%,0%,2.333,.364,9.0,1.50
115,Sam Dyson\redirect.fcgi?player=1&mlb_ID=473879,gl,31,2,MLB-NL,San Francisco,5,0,1,,1,5.0,2,0,0,1,3,0,0,0.00,17,0,0,0,0,0,0,0,0,18,53,72%,17%,9%,53%,7%,13%,0.600,.143,5.4,3.00
116,Carl Edwards Jr.\redirect.fcgi?player=1&mlb_ID=605218,gl,27,9,MLB-NL,Chicago,1,0,,,,0.1,1,1,1,1,0,0,1,27.00,2,0,0,0,0,0,0,0,0,4,17,53%,18%,0%,0%,50%,50%,6.000,.500,0.0,0.00
117,Zach Eflin\redirect.fcgi?player=1&mlb_ID=621107,gl,25,3,MLB-NL,Philadelphia,2,2,,2,,6.2,12,13,9,4,4,2,1,12.15,32,4,0,0,0,0,0,0,0,37,130,65%,15%,11%,48%,24%,10%,2.400,.385,5.4,1.00
118,Roenis Elias\redirect.fcgi?player=1&mlb_ID=606273,gl,30,0,MLB-AL,Seattle,6,0,2,1,3,5.0,6,4,4,1,2,1,0,7.20,21,0,0,0,0,0,0,0,0,22,74,66%,14%,9%,33%,28%,17%,1.400,.278,3.6,2.00
119,Nathan Eovaldi\redirect.fcgi?player=1&mlb_ID=543135,gl,29,0,MLB-AL,Boston,4,0,,,,3.2,10,5,5,1,8,0,0,12.27,21,3,0,0,0,0,0,0,0,22,103,63%,24%,9%,46%,38%,8%,3.000,.769,19.6,8.00
120,Robbie Erlin\redirect.fcgi?player=1&mlb_ID=572362,gl,28,1,MLB-NL,San Diego,2,0,,,,4.0,6,2,2,2,5,0,0,4.50,17,2,0,0,0,0,0,0,0,20,75,63%,17%,11%,33%,50%,8%,2.000,.500,11.3,2.50
121,Luis Escobar\redirect.fcgi?player=1&mlb_ID=650813,gl,23,6,MLB-NL,Pittsburgh,2,0,,,,2.1,5,5,5,4,1,1,0,19.29,10,2,0,0,0,1,2,0,0,16,62,50%,11%,3%,20%,40%,0%,3.857,.444,3.9,0.25
122,Tom Eshelman\redirect.fcgi?player=1&mlb_ID=664045,gl,25,0,MLB-AL,Baltimore,3,2,,1,,12.0,17,14,10,5,10,5,1,7.50,53,1,0,0,0,0,0,0,0,59,217,63%,18%,6%,27%,34%,5%,1.833,.316,7.5,2.00
123,Carlos Estevez\redirect.fcgi?player=1&mlb_ID=608032,gl,26,3,MLB-NL,Colorado,5,0,,1,,6.0,8,3,3,1,8,1,0,4.50,26,0,0,0,0,0,0,0,0,27,112,71%,13%,19%,39%,22%,6%,1.500,.412,12.0,8.00
124,Jeurys Familia\redirect.fcgi?player=1&mlb_ID=544727,gl,29,6,MLB-NL,New York,4,0,,,,2.1,4,2,2,3,2,0,0,7.71,8,1,0,0,2,0,0,1,0,11,42,62%,19%,5%,50%,33%,0%,3.000,.667,7.7,0.67
125,Jake Faria\redirect.fcgi?player=1&mlb_ID=607188,gl,25,2,MLB-AL,Tampa Bay,1,0,,,,2.0,3,1,1,1,2,0,0,4.50,9,1,0,0,0,0,0,0,0,10,43,60%,19%,7%,14%,43%,14%,2.000,.429,9.0,2.00
126,Buck Farmer\redirect.fcgi?player=1&mlb_ID=571656,gl,28,1,MLB-AL,Detroit,7,0,,,,5.1,3,0,0,2,7,0,1,0.00,18,0,0,0,0,0,1,0,0,21,98,63%,16%,8%,55%,36%,0%,0.938,.273,11.8,3.50
127,Erick Fedde\redirect.fcgi?player=1&mlb_ID=607200,gl,26,0,MLB-NL,Washington,3,3,,1,,13.2,17,11,11,6,8,3,0,7.24,52,5,0,1,2,1,3,2,0,60,238,60%,17%,8%,50%,33%,0%,1.683,.333,5.3,1.33
128,Tim Federowicz\redirect.fcgi?player=1&mlb_ID=543148,gl,31,13,MLB-AL,Texas,1,0,,,,1.0,3,1,1,0,0,1,0,9.00,6,0,0,0,0,0,0,0,0,6,13,77%,23%,0%,33%,17%,33%,3.000,.400,0.0,
129,Michael Feliz\redirect.fcgi?player=1&mlb_ID=593140,gl,26,1,MLB-NL,Pittsburgh,7,0,,,,6.2,5,2,2,0,6,2,1,2.70,25,0,0,0,1,0,0,0,0,26,90,73%,23%,13%,37%,11%,16%,0.750,.176,8.1,
130,Caleb Ferguson\redirect.fcgi?player=1&mlb_ID=657571,gl,22,1,MLB-NL,Los Angeles,5,0,,,,3.0,3,4,3,4,4,0,1,9.00,11,2,0,1,1,0,0,0,0,16,75,65%,13%,11%,13%,38%,25%,2.333,.429,12.0,1.00
131,Matt Festa\redirect.fcgi?player=1&mlb_ID=670036,gl,26,9,MLB-AL,Seattle,2,0,,,,3.0,4,4,4,0,5,3,0,12.00,13,0,0,0,0,0,0,0,0,13,41,83%,17%,20%,25%,13%,13%,1.333,.200,15.0,
132,Mike Fiers\redirect.fcgi?player=1&mlb_ID=571666,gl,34,2,MLB-AL,Oakland,3,3,,,,20.0,16,7,7,10,13,3,0,3.15,68,2,1,0,3,0,1,1,0,79,295,62%,16%,8%,40%,26%,11%,1.300,.250,5.9,1.30
133,Jack Flaherty\redirect.fcgi?player=1&mlb_ID=656427,gl,23,4,MLB-NL,St. Louis,2,2,,,,10.1,9,2,2,3,16,1,1,1.74,40,2,0,0,0,0,0,0,0,44,194,65%,18%,13%,33%,33%,13%,1.161,.348,13.9,5.33
134,Dylan Floro\redirect.fcgi?player=1&mlb_ID=571670,gl,28,12,MLB-NL,Los Angeles,2,0,,1,,1.1,2,1,1,1,2,0,0,6.75,6,0,0,0,0,0,0,0,0,7,26,62%,15%,19%,75%,25%,0%,2.250,.500,13.5,2.00
135,Brian Flynn\redirect.fcgi?player=1&mlb_ID=543169,gl,29,5,MLB-AL,Kansas City,2,0,,1,,5.0,7,3,3,4,2,1,0,5.40,19,1,0,1,1,1,0,0,0,25,88,53%,10%,5%,35%,35%,0%,2.200,.353,3.6,0.50
136,Wilmer Font\redirect.fcgi?player=1&mlb_ID=521655,gl,29,0,MLB-AL,Toronto,4,0,1,,,8.0,9,4,4,2,9,1,0,4.50,31,2,0,0,1,1,0,0,0,34,140,66%,14%,14%,46%,25%,17%,1.375,.364,10.1,4.50
137,Kyle Freeland\redirect.fcgi?player=1&mlb_ID=607536,gl,26,0,MLB-NL,Colorado,3,3,,3,,13.2,17,14,12,7,10,4,0,7.90,57,5,0,0,1,0,0,1,0,64,271,61%,14%,8%,52%,21%,4%,1.756,.302,6.6,1.43
138,Max Fried\redirect.fcgi?player=1&mlb_ID=608331,gl,25,3,MLB-NL,Atlanta,1,1,1,,,5.1,7,5,4,3,6,2,0,6.75,22,0,0,0,1,0,0,0,0,25,89,65%,22%,10%,50%,13%,6%,1.875,.357,10.1,2.00
139,Jace Fry\redirect.fcgi?player=1&mlb_ID=605240,gl,25,0,MLB-AL,Chicago,6,0,1,,,6.0,2,0,0,4,7,0,0,0.00,19,0,0,0,1,0,0,0,0,23,109,57%,18%,14%,62%,8%,15%,1.000,.167,10.5,1.75
140,Paul Fry\redirect.fcgi?player=1&mlb_ID=643316,gl,26,2,MLB-AL,Baltimore,4,0,,,,3.1,2,0,0,2,4,0,0,0.00,13,1,0,0,0,0,0,0,0,15,56,64%,27%,7%,44%,33%,0%,1.200,.222,10.8,2.00
141,Giovanny Gallegos\redirect.fcgi?player=1&mlb_ID=606149,gl,27,0,MLB-NL,St. Louis,5,0,2,,,7.0,1,0,0,3,11,0,1,0.00,22,0,0,0,1,0,0,0,0,26,108,63%,14%,19%,33%,17%,17%,0.571,.091,14.1,3.67
142,Zac Gallen\redirect.fcgi?player=1&mlb_ID=668678,gl,23,0,MLB-NL,Miami,3,3,1,2,,19.1,9,4,3,8,22,1,2,1.40,65,3,0,1,0,0,1,0,0,75,295,64%,20%,13%,42%,19%,7%,0.879,.190,10.2,2.75
143,John Gant\redirect.fcgi?player=1&mlb_ID=607231,gl,26,2,MLB-NL,St. Louis,6,0,,,,5.0,8,3,3,3,4,0,0,5.40,21,4,0,0,1,0,0,0,0,24,87,69%,14%,14%,28%,61%,6%,2.200,.471,7.2,1.33
144,Edgar Garcia\redirect.fcgi?player=1&mlb_ID=658305,gl,22,13,MLB-NL,Philadelphia,1,0,,,,1.0,1,1,1,2,1,0,0,9.00,4,0,0,0,0,0,0,0,0,6,29,48%,17%,7%,67%,33%,0%,3.000,.333,9.0,0.50
145,Jarlin Garcia\redirect.fcgi?player=1&mlb_ID=606424,gl,26,2,MLB-NL,Miami,6,0,,,,5.0,0,0,0,1,4,0,0,0.00,15,0,0,0,1,0,0,0,0,16,62,71%,15%,18%,64%,0%,9%,0.200,.000,7.2,4.00
146,Luis Garcia\redirect.fcgi?player=1&mlb_ID=472610,gl,32,1,MLB-AL,Los Angeles,6,0,,,,7.1,9,4,3,1,8,1,0,3.68,30,0,0,0,1,0,0,0,0,31,118,61%,14%,15%,70%,17%,4%,1.364,.381,9.8,8.00
147,Yimi Garcia\redirect.fcgi?player=1&mlb_ID=554340,gl,28,1,MLB-NL,Los Angeles,5,0,,,,4.0,5,3,2,1,4,1,1,4.50,16,2,0,0,0,1,0,0,0,19,63,65%,19%,10%,23%,15%,8%,1.500,.333,9.0,4.00
148,Amir Garrett\redirect.fcgi?player=1&mlb_ID=607237,gl,27,0,MLB-NL,Cincinnati,5,0,1,,,3.2,4,3,3,2,6,1,0,7.36,15,0,0,0,0,0,0,0,0,17,74,59%,11%,16%,67%,11%,11%,1.636,.375,14.7,3.00
149,Kevin Gausman\redirect.fcgi?player=1&mlb_ID=592332,gl,28,2,MLB-NL,Atlanta,2,2,1,1,,13.0,14,7,7,1,16,3,0,4.85,52,1,0,1,1,0,0,0,0,53,183,73%,18%,13%,25%,31%,14%,1.154,.333,11.1,16.00
150,Sam Gaviglio\redirect.fcgi?player=1&mlb_ID=543208,gl,29,3,MLB-AL,Toronto,3,0,,,,6.0,8,4,4,3,4,1,0,6.00,26,1,0,0,0,0,1,0,0,29,107,70%,22%,11%,41%,32%,0%,1.833,.333,6.0,1.33
151,Cory Gearrin\redirect.fcgi?player=1&mlb_ID=518715,gl,33,8,MLB-AL,Seattle,2,0,,,,1.1,1,1,1,1,1,1,1,6.75,4,0,0,0,1,0,0,0,0,6,17,53%,12%,6%,33%,33%,0%,1.500,.000,6.8,1.00
152,Domingo German\redirect.fcgi?player=1&mlb_ID=593334,gl,26,2,MLB-AL,New York,3,3,2,,,15.0,17,13,13,5,17,6,2,7.80,60,3,0,0,3,0,0,0,0,67,249,65%,13%,10%,35%,21%,2%,1.467,.297,10.2,3.40
153,Kyle Gibson\redirect.fcgi?player=1&mlb_ID=502043,gl,31,2,MLB-AL,Minnesota,3,3,2,,,18.0,20,9,9,4,19,2,0,4.50,74,3,0,0,2,0,0,0,0,78,303,65%,15%,14%,46%,33%,4%,1.333,.340,9.5,4.75
154,Ken Giles\redirect.fcgi?player=1&mlb_ID=571704,gl,28,3,MLB-AL,Toronto,4,0,1,,1,4.0,4,1,1,2,5,0,0,2.25,16,1,0,0,0,0,1,0,0,18,69,65%,7%,20%,50%,20%,10%,1.500,.364,11.3,2.50
155,Lucas Giolito\redirect.fcgi?player=1&mlb_ID=608337,gl,24,5,MLB-AL,Chicago,2,2,,1,,11.2,14,8,8,3,16,5,0,6.17,47,0,0,0,1,0,0,1,0,50,203,68%,18%,13%,33%,17%,10%,1.457,.346,12.3,5.33
156,Mychal Givens\redirect.fcgi?player=1&mlb_ID=571710,gl,29,2,MLB-AL,Baltimore,5,0,,1,2,5.2,4,3,3,3,6,2,0,4.76,22,0,0,1,0,0,3,0,0,25,97,62%,16%,15%,31%,31%,6%,1.235,.143,9.5,2.00
157,Zack Godley\redirect.fcgi?player=1&mlb_ID=643327,gl,29,2,MLB-NL,Arizona,4,0,,,,6.2,2,3,3,4,8,0,0,4.05,21,1,0,0,1,0,0,0,0,25,92,62%,17%,14%,54%,23%,8%,0.900,.154,10.8,2.00
158,Tony Gonsolin\redirect.fcgi?player=1&mlb_ID=664062,gl,25,0,MLB-NL,Los Angeles,1,0,,,1,4.0,3,1,1,0,3,0,0,2.25,15,1,0,0,0,0,0,0,0,15,49,67%,20%,8%,58%,25%,0%,0.750,.250,6.8,
159,Marco Gonzales\redirect.fcgi?player=1&mlb_ID=594835,gl,27,3,MLB-AL,Seattle,2,2,2,,,14.0,13,3,3,0,12,0,0,1.93,54,2,0,0,2,0,0,0,0,54,216,72%,19%,10%,49%,32%,5%,0.929,.310,7.7,
160,Chi Chi Gonzalez\redirect.fcgi?player=1&mlb_ID=592346,gl,27,3,MLB-NL,Colorado,1,1,,1,,5.2,5,3,3,2,3,2,1,4.76,20,0,0,0,2,0,0,0,0,23,98,58%,15%,8%,56%,25%,0%,1.235,.200,4.8,1.50
161,Gio Gonzalez\redirect.fcgi?player=1&mlb_ID=461829,gl,33,4,MLB-NL,Milwaukee,2,2,,,,10.1,8,5,5,3,10,1,0,4.35,37,3,0,0,1,0,0,0,0,40,166,59%,12%,14%,33%,37%,4%,1.065,.269,8.7,3.33
162,Nick Goody\redirect.fcgi?player=1&mlb_ID=580792,gl,27,3,MLB-AL,Cleveland,4,0,1,,,5.1,2,0,0,0,3,0,0,0.00,18,0,1,0,0,0,0,0,0,18,62,73%,8%,13%,33%,13%,27%,0.375,.133,5.1,
163,Trevor Gott\redirect.fcgi?player=1&mlb_ID=641627,gl,26,3,MLB-NL,San Francisco,5,0,2,,,5.1,5,2,2,1,7,0,0,3.38,19,1,0,0,0,0,1,1,0,21,91,63%,18%,10%,42%,33%,0%,1.125,.417,11.8,7.00
164,Matt Grace\redirect.fcgi?player=1&mlb_ID=594840,gl,30,3,MLB-NL,Washington,6,1,,,,7.0,8,4,4,0,8,1,0,5.14,28,2,0,0,0,1,0,0,0,29,92,72%,25%,11%,48%,14%,10%,1.143,.350,10.3,
165,Jon Gray\redirect.fcgi?player=1&mlb_ID=592351,gl,27,1,MLB-NL,Colorado,3,3,1,1,,17.1,16,8,8,11,13,2,0,4.15,65,6,0,1,2,0,0,0,0,77,283,58%,17%,11%,52%,27%,2%,1.558,.280,6.8,1.18
166,Sonny Gray\redirect.fcgi?player=1&mlb_ID=543243,gl,29,1,MLB-NL,Cincinnati,3,3,1,1,,17.1,12,7,7,3,18,4,1,3.63,61,3,0,0,1,0,0,1,0,65,279,62%,18%,13%,47%,28%,2%,0.865,.205,9.3,6.00
167,Chad Green\redirect.fcgi?player=1&mlb_ID=643338,gl,28,3,MLB-AL,New York,4,1,,,1,6.0,7,4,4,1,7,0,2,6.00,23,4,1,0,0,2,3,0,0,28,117,71%,14%,10%,17%,39%,11%,1.333,.389,10.5,7.00
168,Shane Greene\redirect.fcgi?player=1&mlb_ID=572888,gl,30,1,MLB-AL,Detroit,4,0,,,,4.0,2,2,1,2,8,1,0,2.25,14,0,0,0,0,0,0,0,0,17,72,64%,21%,15%,60%,0%,0%,1.000,.200,18.0,4.00
169,Zack Greinke\redirect.fcgi?player=1&mlb_ID=425844,gl,35,4,MLB-NL,Arizona,2,2,,,,13.0,10,3,3,2,14,1,0,2.08,48,5,0,1,0,1,0,0,0,51,203,63%,18%,14%,34%,23%,9%,0.923,.265,9.7,7.00
170,Robert Gsellman\redirect.fcgi?player=1&mlb_ID=607229,gl,25,0,MLB-NL,New York,5,0,1,1,,7.2,4,2,2,2,7,1,0,2.35,24,0,0,0,2,1,0,0,0,27,106,63%,12%,12%,47%,11%,5%,0.783,.176,8.2,3.50
171,Javy Guerra\redirect.fcgi?player=1&mlb_ID=457915,gl,33,0,MLB-NL,Washington,5,0,,,,7.0,11,10,8,5,6,2,0,10.29,34,3,0,0,0,0,0,0,0,39,153,67%,15%,8%,52%,17%,3%,2.286,.346,7.7,1.20
172,Junior Guerra\redirect.fcgi?player=1&mlb_ID=448855,gl,34,0,MLB-NL,Milwaukee,5,0,,,,5.2,2,2,2,3,5,1,0,3.18,20,1,0,1,0,0,0,0,0,23,81,60%,20%,5%,56%,13%,13%,0.882,.071,7.9,1.67
173,Tayron Guerrero\redirect.fcgi?player=1&mlb_ID=594027,gl,28,1,MLB-NL,Miami,5,0,,,,3.2,4,6,5,4,3,2,2,12.27,16,1,0,0,0,0,0,0,0,22,100,56%,9%,13%,31%,8%,0%,2.182,.182,7.4,0.75
174,Taylor Guerrieri\redirect.fcgi?player=1&mlb_ID=605260,gl,26,0,MLB-AL,Texas,5,0,,,,6.2,5,3,1,5,8,0,0,1.35,25,1,1,0,1,0,0,0,0,30,111,64%,22%,12%,63%,32%,0%,1.500,.294,10.8,1.60
175,Josh Hader\redirect.fcgi?player=1&mlb_ID=623352,gl,25,0,MLB-NL,Milwaukee,6,0,,1,3,6.0,7,3,1,0,14,1,0,1.50,26,0,0,0,0,0,1,0,0,26,102,73%,11%,23%,17%,33%,17%,1.167,.545,21.0,
176,David Hale\redirect.fcgi?player=1&mlb_ID=571735,gl,31,4,MLB-AL,New York,4,0,,,,8.0,10,4,4,0,3,0,0,4.50,35,6,0,0,0,0,0,0,0,35,126,65%,13%,6%,50%,28%,9%,1.250,.313,3.4,
177,J.D. Hammer\redirect.fcgi?player=1&mlb_ID=670456,gl,24,13,MLB-NL,Philadelphia,1,0,,,,1.2,1,0,0,2,2,0,0,0.00,6,0,0,0,0,0,0,0,0,8,35,57%,17%,9%,25%,50%,0%,1.800,.250,10.8,1.00
178,Brad Hand\redirect.fcgi?player=1&mlb_ID=543272,gl,29,5,MLB-AL,Cleveland,4,0,,,2,4.1,4,2,2,1,8,2,0,4.15,17,0,0,0,0,0,0,0,0,18,96,67%,17%,13%,33%,22%,0%,1.154,.286,16.6,8.00
179,J.A. Happ\redirect.fcgi?player=1&mlb_ID=457918,gl,36,0,MLB-AL,New York,3,3,1,1,,14.1,22,11,11,5,13,4,0,6.91,60,4,0,0,1,2,0,0,0,68,258,65%,13%,9%,30%,40%,6%,1.884,.400,8.2,2.60
180,Blaine Hardy\redirect.fcgi?player=1&mlb_ID=543278,gl,32,1,MLB-AL,Detroit,5,0,,,,5.0,5,2,2,2,7,1,0,3.60,20,2,0,0,0,0,0,0,0,22,81,67%,16%,17%,38%,38%,0%,1.400,.333,12.6,3.50
181,Ryne Harper\redirect.fcgi?player=1&mlb_ID=607560,gl,30,2,MLB-AL,Minnesota,5,0,,1,,3.1,5,2,2,0,2,0,0,5.40,14,3,0,0,0,1,1,0,0,15,65,65%,14%,11%,31%,31%,0%,1.500,.385,5.4,
182,Will Harris\redirect.fcgi?player=1&mlb_ID=501789,gl,34,0,MLB-AL,Houston,7,0,,,,6.2,7,2,1,1,9,1,0,1.35,27,0,0,0,1,0,0,0,0,28,119,66%,18%,14%,50%,22%,11%,1.200,.353,12.2,9.00
183,Geoff Hartlieb\redirect.fcgi?player=1&mlb_ID=664129,gl,25,0,MLB-NL,Pittsburgh,1,0,,,,1.0,2,1,1,1,3,0,0,9.00,5,0,0,0,0,0,0,0,0,6,21,57%,10%,24%,0%,50%,0%,3.000,1.000,27.0,3.00
184,Matt Harvey\redirect.fcgi?player=1&mlb_ID=518774,gl,30,12,MLB-AL,Los Angeles,1,1,,1,,6.0,7,6,6,5,1,2,0,9.00,23,2,0,0,2,0,0,0,0,28,92,58%,16%,3%,55%,27%,5%,2.000,.250,1.5,0.20
185,Ryan Helsley\redirect.fcgi?player=1&mlb_ID=664854,gl,24,10,MLB-NL,St. Louis,1,0,,,,2.0,1,0,0,1,1,0,0,0.00,7,1,0,1,0,0,1,0,0,8,28,54%,7%,4%,17%,50%,0%,1.000,.167,4.5,1.00
186,Heath Hembree\redirect.fcgi?player=1&mlb_ID=592390,gl,30,2,MLB-AL,Boston,5,0,,,,3.2,4,3,2,3,2,1,0,4.91,15,2,0,1,0,0,0,0,0,18,79,62%,14%,4%,15%,15%,8%,1.909,.250,4.9,0.67
187,Kyle Hendricks\redirect.fcgi?player=1&mlb_ID=543294,gl,29,4,MLB-NL,Chicago,2,2,,1,,12.0,6,2,2,4,10,1,0,1.50,40,1,0,0,0,0,0,0,0,46,193,66%,18%,15%,43%,17%,10%,0.833,.172,7.5,2.50
188,Liam Hendriks\redirect.fcgi?player=1&mlb_ID=521230,gl,30,0,MLB-AL,Oakland,6,0,,1,3,6.1,10,4,4,2,12,1,0,5.68,28,2,1,2,1,0,1,0,0,30,104,72%,19%,22%,38%,38%,0%,1.895,.600,17.1,6.00
189,Jimmy Herget\redirect.fcgi?player=1&mlb_ID=623474,gl,25,11,MLB-NL,Cincinnati,2,0,,,,3.0,1,0,0,1,0,0,0,0.00,9,0,0,0,0,0,0,0,0,10,33,61%,18%,6%,22%,11%,0%,0.667,.111,0.0,0.00
190,Darwinzon Hernandez\redirect.fcgi?player=1&mlb_ID=650382,gl,22,0,MLB-AL,Boston,5,0,,,,5.0,2,2,0,3,11,0,0,0.00,17,1,0,1,0,0,0,0,0,20,80,63%,26%,18%,57%,14%,0%,1.000,.333,19.8,3.67
191,David Hernandez\redirect.fcgi?player=1&mlb_ID=456696,gl,34,13,MLB-NL,Cincinnati,1,0,,,,0.1,1,2,2,2,1,0,0,54.00,2,1,0,0,0,0,0,0,0,4,23,57%,17%,4%,0%,100%,0%,9.000,1.000,27.0,0.50
192,Elieser Hernandez\redirect.fcgi?player=1&mlb_ID=622694,gl,24,2,MLB-NL,Miami,2,1,,1,,4.2,7,5,5,4,3,1,0,9.64,20,1,0,0,1,0,1,0,0,24,107,55%,11%,7%,39%,11%,6%,2.357,.375,5.8,0.75
193,Kelvin Herrera\redirect.fcgi?player=1&mlb_ID=516969,gl,29,13,MLB-AL,Chicago,1,0,,,,1.0,2,0,0,0,0,0,0,0.00,4,0,0,0,1,0,0,0,0,4,11,73%,18%,9%,75%,25%,0%,2.000,.500,0.0,
194,David Hess\redirect.fcgi?player=1&mlb_ID=605276,gl,25,1,MLB-AL,Baltimore,1,1,,1,,4.2,6,5,5,0,7,4,0,9.64,21,0,1,0,0,0,0,0,0,21,66,74%,12%,15%,36%,36%,0%,1.286,.200,13.5,
195,Tim Hill\redirect.fcgi?player=1&mlb_ID=657612,gl,29,1,MLB-AL,Kansas City,7,0,1,,,5.0,4,1,1,3,4,0,0,1.80,17,0,0,1,2,0,0,0,0,20,82,67%,13%,7%,69%,23%,0%,1.400,.308,7.2,1.33
196,Yoshihisa Hirano\redirect.fcgi?player=1&mlb_ID=673633,gl,35,0,MLB-NL,Arizona,6,0,,,,5.2,3,0,0,2,10,0,0,0.00,19,0,0,0,0,1,0,0,0,22,98,66%,21%,19%,50%,30%,0%,0.882,.300,15.9,5.00
197,Jeff Hoffman\redirect.fcgi?player=1&mlb_ID=656546,gl,26,5,MLB-NL,Colorado,1,1,,,,5.0,4,3,3,4,4,1,1,5.40,18,2,0,0,1,0,0,0,0,23,95,59%,15%,12%,29%,36%,7%,1.600,.231,7.2,1.00
198,Jonathan Holder\redirect.fcgi?player=1&mlb_ID=656547,gl,26,8,MLB-AL,New York,1,0,,,,1.0,0,0,0,0,1,0,0,0.00,3,0,0,0,0,0,0,0,0,3,13,77%,15%,8%,100%,0%,0%,0.000,.000,9.0,
199,Derek Holland\redirect.fcgi?player=1&mlb_ID=502706,gl,32,2,MLB-NL,ChicagoSan Francisco,5,0,1,,,4.2,6,4,4,0,4,2,0,7.71,20,0,0,0,0,0,0,0,0,20,73,66%,21%,8%,75%,6%,0%,1.286,.286,7.7,
200,Greg Holland\redirect.fcgi?player=1&mlb_ID=518813,gl,33,1,MLB-NL,Arizona,5,0,,1,2,2.2,6,6,6,4,3,0,0,20.25,12,2,0,0,0,2,0,0,0,18,73,59%,16%,11%,45%,27%,0%,3.750,.545,10.1,0.75
201,Clay Holmes\redirect.fcgi?player=1&mlb_ID=605280,gl,26,8,MLB-NL,Pittsburgh,2,0,,1,,2.0,7,7,7,3,2,1,1,31.50,13,2,0,1,0,0,0,0,0,17,59,59%,22%,8%,50%,17%,8%,5.000,.600,9.0,0.67
202,Adrian Houser\redirect.fcgi?player=1&mlb_ID=605288,gl,26,0,MLB-NL,Milwaukee,4,1,2,,,10.0,6,3,3,2,10,1,1,2.70,36,1,1,0,1,0,2,0,0,39,132,61%,21%,11%,54%,23%,4%,0.800,.200,9.0,5.00
203,Sam Howard\redirect.fcgi?player=1&mlb_ID=607572,gl,26,0,MLB-NL,Colorado,4,0,,,,4.1,5,4,4,3,4,1,1,8.31,17,0,0,0,1,0,0,0,0,21,98,58%,9%,14%,46%,8%,23%,1.846,.333,8.3,1.33
204,Dakota Hudson\redirect.fcgi?player=1&mlb_ID=641712,gl,24,2,MLB-NL,St. Louis,3,3,2,1,,15.1,20,11,11,7,13,5,2,6.46,61,5,0,0,2,1,1,0,0,72,260,63%,13%,10%,45%,31%,6%,1.761,.341,7.6,1.86
205,Daniel Hudson\redirect.fcgi?player=1&mlb_ID=543339,gl,32,0,MLB-AL,Toronto,6,0,1,1,,6.0,4,3,3,2,6,0,0,4.50,21,2,0,0,0,1,1,0,0,24,87,66%,16%,11%,38%,56%,0%,1.000,.250,9.0,3.00
206,Jared Hughes\redirect.fcgi?player=1&mlb_ID=453172,gl,33,0,MLB-NL,Cincinnati,7,0,,1,1,4.2,8,11,7,4,4,1,1,13.50,23,3,0,0,0,0,1,0,0,28,105,53%,11%,8%,58%,32%,0%,2.571,.389,7.7,1.00
207,Raisel Iglesias\redirect.fcgi?player=1&mlb_ID=628452,gl,29,2,MLB-NL,Cincinnati,4,0,,,2,3.2,6,4,4,2,7,2,0,9.82,16,0,0,0,0,0,0,1,0,18,79,62%,14%,18%,56%,22%,0%,2.182,.571,17.2,3.50
208,Cole Irvin\redirect.fcgi?player=1&mlb_ID=608344,gl,25,4,MLB-NL,Philadelphia,2,0,,,1,4.0,3,4,2,3,1,0,1,4.50,14,0,0,0,1,1,0,0,0,19,80,59%,16%,8%,47%,13%,20%,1.500,.214,2.3,0.33
209,Jay Jackson\redirect.fcgi?player=1&mlb_ID=543351,gl,31,2,MLB-NL,Milwaukee,3,0,,,,6.0,3,3,3,4,10,1,0,4.50,20,1,0,0,1,0,0,0,0,24,98,63%,15%,20%,50%,20%,0%,1.167,.222,15.0,2.50
210,Luke Jackson\redirect.fcgi?player=1&mlb_ID=592426,gl,27,0,MLB-NL,Atlanta,3,0,1,,,3.0,6,5,5,1,3,2,0,15.00,15,1,0,0,0,0,0,0,0,16,60,63%,17%,12%,55%,27%,0%,2.333,.400,9.0,3.00
211,Josh James\redirect.fcgi?player=1&mlb_ID=657624,gl,26,9,MLB-AL,Houston,2,0,,,,1.2,2,1,1,1,3,1,0,5.40,7,0,0,0,0,0,1,0,0,8,30,63%,17%,23%,50%,25%,0%,1.800,.333,16.2,3.00
212,Kenley Jansen\redirect.fcgi?player=1&mlb_ID=445276,gl,31,4,MLB-NL,Los Angeles,3,0,,,2,3.0,2,1,1,3,6,0,1,3.00,11,1,0,0,0,0,1,0,0,15,74,61%,14%,15%,40%,60%,0%,1.667,.400,18.0,2.00
213,Jeremy Jeffress\redirect.fcgi?player=1&mlb_ID=502026,gl,31,2,MLB-NL,Milwaukee,5,0,,1,,5.0,7,5,5,2,5,2,0,9.00,21,0,0,0,1,0,0,0,0,23,88,67%,22%,10%,50%,31%,0%,1.800,.357,9.0,2.50
214,Williams Jerez\redirect.fcgi?player=1&mlb_ID=605301,gl,27,12,MLB-NL,San Francisco,1,0,1,,,2.0,2,1,1,2,2,1,0,4.50,7,0,0,0,0,0,0,1,1,9,39,56%,8%,10%,20%,20%,20%,2.000,.250,9.0,1.00
215,Jake Jewell\redirect.fcgi?player=1&mlb_ID=657228,gl,26,12,MLB-AL,Los Angeles,1,0,,,,3.0,1,0,0,0,4,0,0,0.00,10,0,0,0,0,0,0,0,0,10,33,76%,21%,24%,67%,17%,0%,0.333,.167,12.0,
216,Joe Jimenez\redirect.fcgi?player=1&mlb_ID=641729,gl,24,1,MLB-AL,Detroit,7,0,,,,6.1,5,5,5,0,7,2,0,7.11,24,1,0,0,0,0,0,0,0,24,88,72%,22%,13%,29%,18%,0%,0.789,.200,9.9,
217,Jakob Junis\redirect.fcgi?player=1&mlb_ID=596001,gl,26,4,MLB-AL,Kansas City,2,2,1,1,,12.0,12,6,6,5,12,1,1,4.50,45,0,1,0,3,0,0,0,0,51,193,61%,20%,6%,36%,27%,9%,1.417,.344,9.0,2.40
218,Ariel Jurado\redirect.fcgi?player=1&mlb_ID=642558,gl,23,0,MLB-AL,Texas,3,3,1,1,,16.0,18,12,11,5,13,3,0,6.19,65,7,0,0,0,1,3,1,0,71,287,66%,21%,5%,31%,37%,6%,1.438,.300,7.3,2.60
219,Tommy Kahnle\redirect.fcgi?player=1&mlb_ID=592454,gl,29,2,MLB-AL,New York,6,0,,,,6.1,1,1,1,1,10,0,0,1.42,20,0,0,0,0,0,0,0,0,21,85,71%,11%,24%,80%,10%,0%,0.316,.100,14.2,10.00
220,Keone Kela\redirect.fcgi?player=1&mlb_ID=605309,gl,26,0,MLB-NL,Pittsburgh,4,0,,,,4.0,2,0,0,1,6,0,1,0.00,14,1,0,0,0,0,0,0,0,16,56,63%,21%,11%,13%,13%,25%,0.750,.250,13.5,6.00
221,Brad Keller\redirect.fcgi?player=1&mlb_ID=641745,gl,23,1,MLB-AL,Kansas City,3,3,2,1,,20.1,21,8,6,3,15,4,0,2.66,80,0,1,0,3,0,0,0,0,84,295,71%,19%,8%,56%,17%,5%,1.180,.279,6.6,5.00
222,Joe Kelly\redirect.fcgi?player=1&mlb_ID=523260,gl,31,3,MLB-NL,Los Angeles,4,0,1,,,3.0,3,2,2,1,4,1,0,6.00,12,0,0,0,0,0,0,0,0,13,56,61%,29%,14%,44%,33%,11%,1.333,.286,12.0,4.00
223,Merrill Kelly\redirect.fcgi?player=1&mlb_ID=518876,gl,30,1,MLB-NL,Arizona,3,3,,2,,15.1,18,15,15,2,14,5,0,8.80,62,0,1,0,1,1,0,0,0,65,250,67%,17%,12%,43%,29%,2%,1.304,.295,8.2,7.00
224,Ian Kennedy\redirect.fcgi?player=1&mlb_ID=453178,gl,34,2,MLB-AL,Kansas City,6,0,,,6,5.1,5,2,2,1,6,0,0,3.38,21,0,0,0,0,0,0,0,0,22,89,72%,16%,13%,47%,20%,20%,1.125,.333,10.1,6.00
225,Clayton Kershaw\redirect.fcgi?player=1&mlb_ID=477132,gl,31,3,MLB-NL,Los Angeles,2,2,1,,,12.0,5,2,2,4,19,0,0,1.50,40,0,1,0,0,1,0,0,0,45,191,69%,20%,14%,41%,14%,14%,0.750,.227,14.3,4.75
226,Dallas Keuchel\redirect.fcgi?player=1&mlb_ID=572971,gl,31,1,MLB-NL,Atlanta,3,3,,2,,17.0,15,11,10,8,21,3,1,5.29,64,3,1,0,1,0,0,1,0,74,306,58%,19%,10%,49%,34%,0%,1.353,.300,11.1,2.63
227,Yusei Kikuchi\redirect.fcgi?player=1&mlb_ID=579328,gl,28,4,MLB-AL,Seattle,2,2,,1,,11.2,16,9,9,1,7,4,0,6.94,48,3,2,0,1,1,0,0,0,50,159,68%,15%,7%,48%,21%,7%,1.457,.316,5.4,7.00
228,Craig Kimbrel\redirect.fcgi?player=1&mlb_ID=518886,gl,31,3,MLB-NL,Chicago,6,0,,1,4,5.0,4,3,3,4,7,2,0,5.40,18,0,0,0,0,0,0,1,0,22,98,62%,16%,16%,10%,70%,0%,1.600,.222,12.6,1.75
229,Nick Kingham\redirect.fcgi?player=1&mlb_ID=592468,gl,27,13,MLB-AL,Toronto,1,0,,,,2.0,4,0,0,1,1,0,0,0.00,8,1,0,1,1,0,0,0,0,9,29,59%,21%,7%,50%,38%,13%,2.500,.571,4.5,1.00
230,Brandon Kintzler\redirect.fcgi?player=1&mlb_ID=445213,gl,34,2,MLB-NL,Chicago,6,0,,1,,5.1,8,4,4,1,3,0,1,6.75,23,3,0,0,2,0,1,0,0,25,95,64%,14%,4%,45%,25%,15%,1.688,.400,5.1,3.00
231,Andrew Kittredge\redirect.fcgi?player=1&mlb_ID=552640,gl,29,3,MLB-AL,Tampa Bay,5,1,,,,7.0,8,4,4,3,10,1,0,5.14,28,2,1,0,0,0,0,0,0,31,127,65%,18%,17%,50%,22%,6%,1.571,.412,12.9,3.33
232,Branden Kline\redirect.fcgi?player=1&mlb_ID=571858,gl,27,8,MLB-AL,Baltimore,1,0,,,,2.1,1,0,0,1,1,0,0,0.00,8,1,0,0,0,0,0,0,0,9,30,60%,3%,17%,43%,29%,0%,0.857,.143,3.9,1.00
233,Adam Kolarek\redirect.fcgi?player=1&mlb_ID=592473,gl,30,0,MLB-AL,Tampa Bay,8,0,1,1,1,7.1,4,3,3,3,5,2,1,3.68,26,0,0,1,0,0,1,0,0,30,106,64%,16%,11%,52%,14%,10%,0.955,.105,6.1,1.67
234,Peter Lambert\redirect.fcgi?player=1&mlb_ID=663567,gl,22,2,MLB-NL,Colorado,2,2,,1,,10.1,15,5,5,2,12,1,0,4.35,45,3,1,0,0,0,1,0,0,48,189,65%,19%,8%,61%,27%,3%,1.645,.438,10.5,6.00
235,Dinelson Lamet\redirect.fcgi?player=1&mlb_ID=659275,gl,26,0,MLB-NL,San Diego,3,3,,,,13.0,15,8,6,5,16,1,0,4.15,55,5,0,0,0,0,0,0,0,60,253,67%,17%,14%,37%,34%,16%,1.538,.368,11.1,3.20
236,Eric Lauer\redirect.fcgi?player=1&mlb_ID=641778,gl,24,2,MLB-NL,San Diego,3,2,,1,,8.1,14,9,9,6,9,2,0,9.72,36,3,0,1,2,1,0,0,0,43,154,60%,16%,8%,36%,29%,7%,2.400,.462,9.7,1.50
237,Derek Law\redirect.fcgi?player=1&mlb_ID=571882,gl,28,1,MLB-AL,Toronto,6,0,,,,6.0,3,1,1,5,7,1,0,1.50,21,2,0,1,0,0,0,0,0,26,115,56%,23%,6%,50%,29%,7%,1.333,.154,10.5,1.40
238,Mike Leake\redirect.fcgi?player=1&mlb_ID=502190,gl,31,0,MLB-AL,Seattle,3,3,2,,,21.2,20,8,8,1,15,2,1,3.32,82,3,1,0,3,0,0,1,0,84,287,71%,21%,7%,55%,22%,3%,0.969,.277,6.2,15.00
239,Wade LeBlanc\redirect.fcgi?player=1&mlb_ID=453281,gl,34,5,MLB-AL,Seattle,2,0,1,,,11.0,8,4,3,4,8,1,0,2.45,40,1,0,0,2,0,0,0,0,44,179,69%,18%,10%,55%,15%,9%,1.091,.226,6.5,2.00
240,Jose Leclerc\redirect.fcgi?player=1&mlb_ID=600917,gl,25,2,MLB-AL,Texas,6,0,,1,,4.0,2,2,2,3,6,0,1,4.50,13,0,0,1,1,0,0,0,0,17,90,59%,13%,13%,29%,29%,14%,1.250,.286,13.5,2.00
241,Dominic Leone\redirect.fcgi?player=1&mlb_ID=608678,gl,27,11,MLB-NL,St. Louis,2,0,,,,0.1,2,2,2,0,0,1,0,54.00,3,0,0,0,0,0,0,0,0,3,4,75%,0%,0%,33%,33%,0%,6.000,.500,0.0,
242,Jon Lester\redirect.fcgi?player=1&mlb_ID=452657,gl,35,3,MLB-NL,Chicago,2,2,,,,13.0,16,4,4,3,11,1,0,2.77,52,2,0,0,2,1,0,0,0,56,199,63%,18%,10%,48%,31%,5%,1.462,.366,7.6,3.67
243,Francisco Liriano\redirect.fcgi?player=1&mlb_ID=434538,gl,35,2,MLB-NL,Pittsburgh,5,0,,1,,4.1,4,4,2,2,2,0,0,4.15,16,2,0,0,2,0,0,0,0,18,70,60%,11%,11%,79%,21%,0%,1.385,.286,4.2,1.00
244,Zack Littell\redirect.fcgi?player=1&mlb_ID=641793,gl,23,9,MLB-AL,Minnesota,3,0,,,,2.0,3,2,2,0,4,2,0,9.00,8,0,1,0,0,0,0,0,0,8,34,71%,24%,15%,25%,0%,0%,1.500,.500,18.0,
245,Walker Lockett\redirect.fcgi?player=1&mlb_ID=621141,gl,25,10,MLB-NL,New York,1,1,1,,,5.0,5,1,1,0,3,0,1,1.80,19,0,0,0,1,0,0,0,0,20,58,74%,21%,7%,44%,31%,0%,1.000,.313,5.4,
246,Jorge Lopez\redirect.fcgi?player=1&mlb_ID=605347,gl,26,1,MLB-AL,Kansas City,4,0,,,,5.1,3,4,2,5,2,0,0,3.38,18,2,0,0,0,1,1,0,0,24,85,53%,6%,7%,24%,29%,12%,1.500,.176,3.4,0.40
247,Reynaldo Lopez\redirect.fcgi?player=1&mlb_ID=625643,gl,25,0,MLB-AL,Chicago,3,3,1,1,,20.1,16,6,6,6,24,1,2,2.66,76,4,1,0,0,0,2,0,0,85,302,68%,16%,14%,38%,38%,6%,1.082,.294,10.6,4.00
248,Yoan Lopez\redirect.fcgi?player=1&mlb_ID=661255,gl,26,0,MLB-NL,Arizona,6,0,,2,1,5.1,9,7,7,0,2,1,0,11.81,23,2,1,0,1,1,2,0,0,24,80,66%,16%,6%,32%,23%,5%,1.688,.381,3.4,
249,Michael Lorenzen\redirect.fcgi?player=1&mlb_ID=547179,gl,27,2,MLB-NL,Cincinnati,6,0,,,1,6.2,3,1,1,6,6,0,0,1.35,21,2,0,0,1,0,2,0,0,27,108,55%,15%,15%,53%,20%,7%,1.350,.200,8.1,1.00
250,Richard Lovelady\redirect.fcgi?player=1&mlb_ID=663992,gl,23,0,MLB-AL,Kansas City,2,0,,,,2.0,3,1,1,0,3,0,0,4.50,9,1,0,0,0,0,0,0,0,9,38,71%,13%,5%,83%,0%,0%,1.500,.500,13.5,
251,Joey Lucchesi\redirect.fcgi?player=1&mlb_ID=664192,gl,26,4,MLB-NL,San Diego,2,2,,1,,10.1,12,7,7,7,11,1,0,6.10,42,4,1,0,2,0,1,0,1,49,194,62%,15%,11%,52%,19%,6%,1.839,.367,9.6,1.57
252,Seth Lugo\redirect.fcgi?player=1&mlb_ID=607625,gl,29,0,MLB-NL,New York,6,0,,,1,7.0,0,0,0,0,8,0,1,0.00,20,0,0,0,1,0,0,0,0,21,101,68%,16%,10%,67%,0%,17%,0.000,.000,10.3,
253,Jordan Lyles\redirect.fcgi?player=1&mlb_ID=543475,gl,28,6,MLB-NL,Pittsburgh,2,2,,1,,7.1,14,9,6,2,10,4,0,7.36,35,5,0,0,1,0,0,0,0,37,145,66%,19%,10%,42%,15%,4%,2.182,.476,12.3,5.00
254,Lance Lynn\redirect.fcgi?player=1&mlb_ID=458681,gl,32,4,MLB-AL,Texas,2,2,1,1,,13.0,11,6,5,4,20,2,0,3.46,48,0,0,0,3,1,0,0,0,53,229,64%,14%,14%,47%,20%,10%,1.154,.333,13.8,5.00
255,Kenta Maeda\redirect.fcgi?player=1&mlb_ID=628317,gl,31,1,MLB-NL,Los Angeles,4,3,,2,,11.1,11,9,8,6,17,1,1,6.35,48,2,1,0,0,0,1,0,0,55,234,62%,16%,14%,61%,23%,3%,1.500,.333,13.5,2.83
256,Matt Magill\redirect.fcgi?player=1&mlb_ID=543483,gl,29,3,MLB-AL,SeattleMinnesota,3,0,,,,4.0,5,7,1,2,4,2,0,2.25,18,1,0,0,0,0,0,0,0,20,85,62%,12%,13%,50%,21%,14%,1.750,.250,9.0,2.00
257,Tyler Mahle\redirect.fcgi?player=1&mlb_ID=641816,gl,24,11,MLB-NL,Cincinnati,1,1,,,,5.1,7,4,4,1,5,0,0,6.75,20,0,0,0,2,1,0,0,0,22,100,67%,22%,10%,63%,13%,0%,1.500,.438,8.4,5.00
258,German Marquez\redirect.fcgi?player=1&mlb_ID=608566,gl,24,4,MLB-NL,Colorado,2,2,2,,,14.0,8,4,4,2,12,3,0,2.57,49,2,0,0,2,0,0,0,0,51,189,70%,19%,15%,43%,35%,5%,0.714,.147,7.7,6.00
259,Evan Marshall\redirect.fcgi?player=1&mlb_ID=605359,gl,29,0,MLB-AL,Chicago,4,0,,,,5.1,4,0,0,1,3,0,0,0.00,18,0,0,0,2,0,0,0,0,19,78,65%,17%,14%,64%,14%,7%,0.938,.267,5.1,3.00
260,Brett Martin\redirect.fcgi?player=1&mlb_ID=656685,gl,24,0,MLB-AL,Texas,5,1,,1,,6.0,6,3,3,1,8,0,0,4.50,24,1,0,0,0,0,0,0,0,25,97,69%,19%,15%,63%,25%,6%,1.167,.375,12.0,8.00
261,Chris Martin\redirect.fcgi?player=1&mlb_ID=455119,gl,33,4,MLB-AL,Texas,2,0,,,1,1.2,3,1,1,1,3,1,0,5.40,8,2,0,0,0,0,0,0,0,9,32,69%,6%,28%,40%,20%,0%,2.400,.500,16.2,3.00
262,Carlos Martinez\redirect.fcgi?player=1&mlb_ID=593372,gl,27,0,MLB-NL,St. Louis,7,0,,,6,7.0,10,4,4,3,8,1,1,5.14,30,1,0,0,1,0,0,0,0,34,120,66%,16%,15%,70%,22%,0%,1.857,.429,10.3,2.67
263,Nick Martini\redirect.fcgi?player=1&mlb_ID=605361,gl,29,8,MLB-AL,Oakland,1,0,,,,1.0,0,0,0,2,1,0,0,0.00,3,0,0,0,0,0,0,0,0,5,16,44%,25%,0%,0%,0%,50%,2.000,.000,9.0,0.50
264,Steven Matz\redirect.fcgi?player=1&mlb_ID=571927,gl,28,3,MLB-NL,New York,2,2,1,,,15.0,11,2,2,1,13,0,0,1.20,55,4,0,1,3,0,0,0,0,56,187,66%,18%,10%,52%,21%,7%,0.800,.262,7.8,13.00
265,Trevor May\redirect.fcgi?player=1&mlb_ID=543507,gl,29,3,MLB-AL,Minnesota,3,0,,1,,3.2,6,7,5,3,5,1,0,12.27,17,3,0,0,0,1,1,0,0,21,90,59%,16%,13%,23%,8%,8%,2.455,.417,12.3,1.67
266,Mike Mayers\redirect.fcgi?player=1&mlb_ID=594577,gl,27,3,MLB-NL,St. Louis,2,0,,,,3.0,5,4,4,3,1,0,0,12.00,14,2,1,0,0,0,0,0,0,17,67,52%,7%,10%,23%,23%,8%,2.667,.385,3.0,0.33
267,Tim Mayza\redirect.fcgi?player=1&mlb_ID=641835,gl,27,1,MLB-AL,Toronto,5,0,1,1,,4.2,3,1,1,0,4,1,0,1.93,16,0,0,0,0,1,0,0,0,17,63,67%,13%,16%,46%,23%,0%,0.643,.167,7.7,
268,Chris Mazza\redirect.fcgi?player=1&mlb_ID=607391,gl,29,12,MLB-NL,New York,2,0,,1,,3.0,7,3,3,1,2,0,1,9.00,15,3,0,0,1,0,0,0,0,17,60,62%,12%,5%,31%,38%,8%,2.667,.538,6.0,2.00
269,Kevin McCarthy\redirect.fcgi?player=1&mlb_ID=641838,gl,27,0,MLB-AL,Kansas City,4,0,,,,5.0,5,2,2,0,3,1,0,3.60,21,1,0,0,0,0,0,0,0,21,68,68%,16%,7%,56%,28%,0%,1.000,.235,5.4,
270,T.J. McFarland\redirect.fcgi?player=1&mlb_ID=519008,gl,30,1,MLB-NL,Arizona,5,0,,,,7.1,3,1,1,2,8,1,0,1.23,24,0,0,1,0,0,1,0,0,26,96,65%,14%,17%,82%,6%,6%,0.682,.133,9.8,4.00
271,Jake McGee\redirect.fcgi?player=1&mlb_ID=459429,gl,32,2,MLB-NL,Colorado,6,0,,1,,5.1,4,2,2,1,5,1,1,3.38,20,0,0,0,0,0,0,0,0,22,81,68%,14%,7%,27%,33%,13%,0.938,.214,8.4,5.00
272,Kyle McGowin\redirect.fcgi?player=1&mlb_ID=641851,gl,27,9,MLB-NL,Washington,2,0,,,,3.0,3,3,3,1,5,2,0,9.00,12,1,0,0,0,0,0,0,0,13,54,61%,17%,17%,29%,29%,0%,1.333,.200,15.0,5.00
273,Collin McHugh\redirect.fcgi?player=1&mlb_ID=543521,gl,32,2,MLB-AL,Houston,4,0,,1,,4.0,5,2,2,2,4,0,0,4.50,17,3,0,0,0,0,0,0,0,19,82,63%,20%,11%,33%,33%,17%,1.750,.385,9.0,2.00
274,Brendan McKay\redirect.fcgi?player=1&mlb_ID=656713,gl,23,11,MLB-AL,Tampa Bay,1,1,,1,,3.1,9,6,5,0,5,1,0,13.50,20,5,0,0,0,0,0,0,0,20,76,68%,20%,11%,27%,33%,13%,2.700,.571,13.5,
275,Alex McRae\redirect.fcgi?player=1&mlb_ID=656725,gl,26,1,MLB-NL,Pittsburgh,2,1,,1,,3.0,6,7,5,3,0,0,0,15.00,15,2,0,0,0,0,0,0,0,18,61,61%,8%,10%,40%,27%,13%,3.000,.400,0.0,0.00
276,John Means\redirect.fcgi?player=1&mlb_ID=607644,gl,26,6,MLB-AL,Baltimore,2,2,1,1,,9.1,10,5,5,5,5,2,0,4.82,38,0,0,0,0,0,0,0,0,43,197,61%,13%,7%,18%,27%,12%,1.607,.258,4.8,1.00
277,Adalberto Mejia\redirect.fcgi?player=1&mlb_ID=606167,gl,26,5,MLB-AL,Los Angeles,4,0,,,,4.1,4,1,1,1,6,0,0,2.08,17,1,0,0,0,0,0,0,0,18,87,68%,14%,15%,45%,27%,9%,1.154,.364,12.5,6.00
278,Mark Melancon\redirect.fcgi?player=1&mlb_ID=453343,gl,34,0,MLB-NL,San Francisco,5,0,1,,1,6.1,2,0,0,0,7,0,0,0.00,20,0,0,0,1,0,0,0,0,20,71,69%,21%,17%,62%,31%,8%,0.316,.154,9.9,
279,Conner Menez\redirect.fcgi?player=1&mlb_ID=669214,gl,24,9,MLB-NL,San Francisco,1,1,,,,5.0,3,2,2,2,6,2,0,3.60,16,1,0,0,0,0,0,0,0,19,84,67%,13%,12%,20%,10%,10%,1.000,.125,10.8,3.00
280,Daniel Mengden\redirect.fcgi?player=1&mlb_ID=596043,gl,26,4,MLB-AL,Oakland,2,2,,1,,8.2,9,8,8,9,7,1,0,8.31,35,5,0,0,0,0,0,0,0,44,179,53%,17%,6%,25%,32%,14%,2.077,.296,7.3,0.78
281,Miles Mikolas\redirect.fcgi?player=1&mlb_ID=571945,gl,30,5,MLB-NL,St. Louis,2,2,1,1,,12.0,11,6,6,3,9,1,2,4.50,42,2,0,0,3,1,0,0,0,49,172,66%,13%,11%,56%,24%,0%,1.167,.303,6.8,3.00
282,Wade Miley\redirect.fcgi?player=1&mlb_ID=489119,gl,32,2,MLB-AL,Houston,3,3,2,,,18.1,12,4,3,6,15,0,1,1.47,66,1,0,0,1,1,0,0,0,74,300,62%,16%,11%,62%,17%,4%,0.982,.231,7.4,2.50
283,Andrew Miller\redirect.fcgi?player=1&mlb_ID=453192,gl,34,0,MLB-NL,St. Louis,8,0,1,,2,8.0,4,1,1,4,9,1,0,1.13,28,0,0,0,0,0,0,0,0,32,130,60%,18%,12%,32%,21%,5%,1.000,.167,10.1,2.25
284,Alec Mills\redirect.fcgi?player=1&mlb_ID=621219,gl,27,8,MLB-NL,Chicago,1,1,,,,4.1,7,2,2,1,5,0,0,4.15,19,1,0,0,1,0,0,0,0,20,76,70%,16%,14%,50%,43%,0%,1.846,.500,10.4,5.00
285,Tommy Milone\redirect.fcgi?player=1&mlb_ID=543548,gl,32,2,MLB-AL,Seattle,3,1,,2,,15.1,20,13,13,4,12,7,0,7.63,64,4,0,0,1,1,1,0,0,69,246,70%,18%,11%,40%,17%,2%,1.565,.283,7.0,3.00
286,Mike Minor\redirect.fcgi?player=1&mlb_ID=501985,gl,31,6,MLB-AL,Texas,2,2,,2,,13.0,15,9,8,2,15,6,1,5.54,52,0,0,0,0,0,0,1,1,55,215,66%,17%,11%,24%,21%,11%,1.308,.290,10.4,7.50
287,A.J. Minter\redirect.fcgi?player=1&mlb_ID=621345,gl,25,0,MLB-NL,Atlanta,5,0,,,,4.0,7,5,5,5,3,0,0,11.25,18,2,0,1,0,1,1,0,0,24,101,63%,5%,12%,44%,25%,6%,3.000,.438,6.8,0.60
288,Rafael Montero\redirect.fcgi?player=1&mlb_ID=606160,gl,28,3,MLB-AL,Texas,2,0,,,,3.2,2,0,0,1,3,0,1,0.00,13,0,0,0,0,0,0,0,0,15,60,60%,15%,10%,40%,20%,10%,0.818,.200,7.4,3.00
289,Mike Montgomery\redirect.fcgi?player=1&mlb_ID=543557,gl,29,0,MLB-AL,Kansas City,3,3,,2,,11.1,18,10,10,2,5,2,0,7.94,49,4,0,0,0,0,1,2,1,51,185,64%,17%,5%,44%,37%,5%,1.765,.381,4.0,2.50
290,Adrian Morejon\redirect.fcgi?player=1&mlb_ID=670970,gl,20,2,MLB-NL,San Diego,3,2,,,,5.0,6,3,3,3,4,0,0,5.40,21,3,0,0,0,0,0,0,0,24,76,64%,16%,11%,35%,41%,6%,1.800,.353,7.2,1.33
291,Adam Morgan\redirect.fcgi?player=1&mlb_ID=605388,gl,29,2,MLB-NL,Philadelphia,6,0,,,,4.2,1,0,0,3,7,0,0,0.00,14,0,0,0,0,0,0,1,0,17,80,63%,14%,15%,43%,14%,0%,0.857,.143,13.5,2.33
292,Mike Morin\redirect.fcgi?player=1&mlb_ID=573046,gl,28,4,MLB-NL,Philadelphia,2,0,,,,3.0,2,1,1,0,2,0,0,3.00,11,2,0,0,0,0,0,0,0,11,39,69%,13%,18%,22%,33%,0%,0.667,.222,6.0,
293,Reyes Moronta\redirect.fcgi?player=1&mlb_ID=606625,gl,26,4,MLB-NL,San Francisco,5,0,,,,4.2,1,1,1,2,5,0,0,1.93,15,1,0,0,0,0,0,0,0,17,63,59%,19%,11%,50%,20%,0%,0.643,.100,9.6,2.50
294,Charlie Morton\redirect.fcgi?player=1&mlb_ID=450203,gl,35,0,MLB-AL,Tampa Bay,3,3,1,1,,17.1,17,11,11,6,17,1,0,5.71,67,3,0,0,2,0,0,0,0,73,280,67%,15%,12%,39%,25%,14%,1.327,.327,8.8,2.83
295,Andres Munoz\redirect.fcgi?player=1&mlb_ID=662253,gl,20,1,MLB-NL,San Diego,4,0,,,,5.2,3,0,0,1,7,0,0,0.00,20,2,0,0,0,0,0,0,0,21,86,67%,17%,16%,31%,54%,8%,0.706,.231,11.1,7.00
296,Joe Musgrove\redirect.fcgi?player=1&mlb_ID=605397,gl,26,0,MLB-NL,Pittsburgh,3,3,2,1,,17.0,14,9,7,3,14,5,1,3.71,65,3,0,0,1,1,0,0,0,70,266,67%,15%,10%,43%,20%,7%,1.000,.191,7.4,4.67
297,Hector Neris\redirect.fcgi?player=1&mlb_ID=593576,gl,30,0,MLB-NL,Philadelphia,6,0,,,2,6.0,2,1,1,1,9,1,2,1.50,20,0,0,1,0,0,0,0,0,23,93,72%,18%,19%,45%,18%,0%,0.500,.100,13.5,9.00
298,Jake Newberry\redirect.fcgi?player=1&mlb_ID=623470,gl,24,5,MLB-AL,Kansas City,1,0,,,,0.1,0,0,0,1,0,0,0,0.00,1,0,0,0,0,0,0,0,0,2,14,57%,7%,7%,0%,100%,0%,3.000,.000,0.0,0.00
299,Sean Newcomb\redirect.fcgi?player=1&mlb_ID=656794,gl,26,2,MLB-NL,Atlanta,5,0,1,,,6.0,4,3,3,2,6,1,0,4.50,22,2,0,0,0,0,0,0,0,24,97,61%,26%,6%,63%,19%,0%,1.000,.200,9.0,3.00
300,Juan Nicasio\redirect.fcgi?player=1&mlb_ID=504379,gl,32,3,MLB-NL,Philadelphia,5,0,1,1,,4.1,5,3,3,3,3,1,0,6.23,17,2,0,0,1,0,0,0,0,20,77,60%,14%,8%,46%,31%,0%,1.846,.308,6.2,1.00
301,Stephen Nogosek\redirect.fcgi?player=1&mlb_ID=668665,gl,24,6,MLB-NL,New York,2,0,,,,2.0,5,4,4,0,3,2,0,18.00,10,1,0,0,0,1,0,0,0,11,55,60%,24%,4%,13%,38%,0%,2.500,.500,13.5,
302,Aaron Nola\redirect.fcgi?player=1&mlb_ID=605400,gl,26,2,MLB-NL,Philadelphia,3,3,1,,,18.2,16,10,9,7,20,5,3,4.34,70,4,0,1,3,0,1,0,0,80,306,65%,21%,10%,46%,24%,2%,1.232,.244,9.6,2.86
303,Daniel Norris\redirect.fcgi?player=1&mlb_ID=596057,gl,26,4,MLB-AL,Detroit,2,2,,,,10.1,10,3,3,2,11,1,0,2.61,40,3,0,0,0,0,0,1,0,42,158,65%,16%,13%,41%,21%,21%,1.161,.321,9.6,5.50
304,Ivan Nova\redirect.fcgi?player=1&mlb_ID=467100,gl,32,3,MLB-AL,Chicago,3,3,2,1,,19.2,12,8,7,6,11,1,2,3.20,68,2,0,0,1,0,1,1,0,76,281,64%,13%,10%,54%,18%,11%,0.915,.196,5.0,1.83
305,Scott Oberg\redirect.fcgi?player=1&mlb_ID=623184,gl,29,4,MLB-NL,Colorado,3,0,,,,3.1,3,2,2,2,3,1,0,5.40,12,0,0,0,0,0,1,0,0,14,49,61%,22%,10%,22%,44%,0%,1.500,.250,8.1,1.50
306,Jake Odorizzi\redirect.fcgi?player=1&mlb_ID=543606,gl,29,0,MLB-AL,Minnesota,3,3,1,1,,14.2,20,13,13,5,15,3,0,7.98,62,7,2,0,0,1,0,1,0,68,288,64%,16%,11%,33%,41%,4%,1.705,.378,9.2,3.00
307,Tyler Olson\redirect.fcgi?player=1&mlb_ID=621397,gl,29,2,MLB-AL,Cleveland,3,0,,1,,2.1,2,1,1,1,2,0,1,3.86,9,0,0,0,0,0,0,0,0,11,50,62%,18%,12%,57%,0%,0%,1.286,.286,7.7,2.00
308,Josh Osich\redirect.fcgi?player=1&mlb_ID=592612,gl,30,0,MLB-AL,Chicago,5,0,,,,6.2,6,4,4,1,6,3,0,5.40,24,1,0,0,2,0,0,0,0,25,86,69%,20%,19%,33%,22%,6%,1.050,.200,8.1,6.00
309,Jose Osuna\redirect.fcgi?player=1&mlb_ID=591741,gl,26,6,MLB-NL,Pittsburgh,1,0,,,,2.0,2,1,1,0,0,1,0,4.50,7,0,0,0,1,0,0,0,0,7,24,67%,17%,0%,57%,29%,0%,1.000,.167,0.0,
310,Roberto Osuna\redirect.fcgi?player=1&mlb_ID=532077,gl,24,0,MLB-AL,Houston,6,0,,,4,6.0,5,3,3,0,7,2,0,4.50,23,0,1,0,0,0,0,0,0,23,75,76%,17%,24%,44%,25%,0%,0.833,.214,10.5,
311,Adam Ottavino\redirect.fcgi?player=1&mlb_ID=493603,gl,33,2,MLB-AL,New York,6,0,,,,5.0,4,0,0,3,8,0,0,0.00,17,2,0,0,1,1,0,0,0,21,84,58%,23%,14%,36%,36%,0%,1.400,.400,14.4,2.67
312,Chris Paddack\redirect.fcgi?player=1&mlb_ID=663978,gl,23,1,MLB-NL,San Diego,3,3,2,1,,18.0,9,5,5,5,17,3,1,2.50,65,0,0,0,1,0,0,0,0,71,275,67%,19%,11%,36%,26%,6%,0.778,.133,8.5,3.40
313,Emilio Pagan\redirect.fcgi?player=1&mlb_ID=641941,gl,28,0,MLB-AL,Tampa Bay,6,0,,1,2,6.1,5,2,2,2,9,2,0,2.84,24,0,0,0,0,0,1,0,0,26,109,69%,19%,14%,40%,13%,7%,1.105,.231,12.8,4.50
314,Thomas Pannone\redirect.fcgi?player=1&mlb_ID=623381,gl,25,1,MLB-AL,Toronto,2,2,,1,,10.1,9,7,6,3,7,1,1,5.23,40,4,0,0,1,0,0,0,0,44,158,68%,20%,9%,27%,30%,9%,1.161,.250,6.1,2.33
315,Blake Parker\redirect.fcgi?player=1&mlb_ID=453284,gl,34,7,MLB-AL,Minnesota,3,0,,,,2.1,5,4,4,1,3,0,0,15.43,11,3,0,0,0,0,0,0,0,12,46,57%,11%,15%,13%,50%,0%,2.571,.625,11.6,3.00
316,Wes Parsons\redirect.fcgi?player=1&mlb_ID=641149,gl,26,7,MLB-NL,Atlanta,2,0,,,,1.0,0,0,0,2,0,0,1,0.00,2,0,0,0,1,0,0,0,0,5,28,50%,21%,0%,50%,50%,0%,2.000,.000,0.0,0.00
317,James Paxton\redirect.fcgi?player=1&mlb_ID=572020,gl,30,4,MLB-AL,New York,2,2,,2,,7.1,14,14,11,3,15,5,0,13.50,36,3,1,0,0,0,0,0,0,40,176,65%,15%,16%,33%,29%,5%,2.318,.563,18.4,5.00
318,Pedro Payano\redirect.fcgi?player=1&mlb_ID=622797,gl,24,2,MLB-AL,Texas,2,1,1,,,10.1,9,4,4,5,11,1,0,3.48,37,3,0,0,3,0,0,0,0,42,166,64%,20%,13%,46%,23%,12%,1.355,.320,9.6,2.20
319,Felix Pena\redirect.fcgi?player=1&mlb_ID=570240,gl,29,2,MLB-AL,Los Angeles,3,2,1,1,,13.1,15,13,10,7,15,1,1,6.75,54,5,0,0,0,1,2,1,0,63,255,64%,19%,10%,43%,33%,5%,1.650,.359,10.1,2.14
320,Freddy Peralta\redirect.fcgi?player=1&mlb_ID=642547,gl,23,0,MLB-NL,Milwaukee,6,0,2,,1,9.0,4,2,2,6,14,2,0,2.00,30,1,0,0,0,0,1,0,0,37,167,62%,16%,11%,31%,19%,19%,1.111,.143,14.0,2.33
321,Wandy Peralta\redirect.fcgi?player=1&mlb_ID=593974,gl,27,1,MLB-NL,Cincinnati,5,0,1,,,5.2,4,2,2,3,3,1,1,3.18,20,0,0,1,1,0,0,0,0,24,78,55%,9%,6%,44%,25%,0%,1.235,.188,4.8,1.00
322,Wily Peralta\redirect.fcgi?player=1&mlb_ID=503449,gl,30,11,MLB-AL,Kansas City,2,0,,,,1.2,5,6,6,2,1,1,1,32.40,8,1,0,1,1,1,1,0,0,12,37,62%,22%,8%,13%,75%,0%,4.200,.571,5.4,0.50
323,Jose Peraza\redirect.fcgi?player=1&mlb_ID=606299,gl,25,0,MLB-NL,Cincinnati,1,0,,,,0.1,0,0,0,0,0,0,0,0.00,1,0,0,0,0,0,0,0,0,1,4,75%,0%,0%,0%,0%,0%,0.000,.000,0.0,
324,Luis Perdomo\redirect.fcgi?player=1&mlb_ID=606131,gl,26,2,MLB-NL,San Diego,4,0,,1,,9.0,9,3,3,2,7,0,0,3.00,31,2,0,0,2,0,0,0,0,34,122,70%,17%,9%,60%,24%,0%,1.222,.375,7.0,3.50
325,Martin Perez\redirect.fcgi?player=1&mlb_ID=527048,gl,28,3,MLB-AL,Minnesota,3,3,,1,,16.0,19,10,9,6,12,5,1,5.06,64,4,0,0,2,1,1,0,0,72,262,66%,13%,11%,55%,11%,9%,1.563,.292,6.8,2.00
326,Oliver Perez\redirect.fcgi?player=1&mlb_ID=424144,gl,37,5,MLB-AL,Cleveland,5,0,,,,2.2,1,0,0,3,3,0,0,0.00,8,0,0,0,1,0,0,0,0,11,55,56%,16%,7%,40%,40%,0%,1.500,.200,10.1,1.00
327,Dillon Peters\redirect.fcgi?player=1&mlb_ID=596071,gl,26,3,MLB-AL,Los Angeles,2,2,1,,,9.0,11,5,2,4,6,1,0,2.00,36,2,0,0,1,0,0,2,2,40,160,63%,18%,9%,37%,33%,7%,1.667,.345,6.0,1.50
328,Yusmeiro Petit\redirect.fcgi?player=1&mlb_ID=433589,gl,34,0,MLB-AL,Oakland,8,0,1,1,,6.1,7,3,3,0,5,1,0,4.26,25,0,0,0,1,0,0,0,0,25,82,68%,16%,12%,38%,33%,0%,1.105,.316,7.1,
329,David Phelps\redirect.fcgi?player=1&mlb_ID=475479,gl,32,2,MLB-AL,Toronto,5,0,,,,4.2,4,3,3,1,5,2,0,5.79,16,0,0,0,1,0,0,1,0,17,69,70%,26%,3%,36%,9%,0%,1.071,.222,9.6,5.00
330,Evan Phillips\redirect.fcgi?player=1&mlb_ID=623465,gl,24,4,MLB-AL,Baltimore,1,0,,,,1.0,2,1,1,0,2,1,0,9.00,5,1,0,0,0,0,0,0,0,5,19,68%,16%,11%,0%,67%,0%,2.000,.500,18.0,
331,Michael Pineda\redirect.fcgi?player=1&mlb_ID=501381,gl,30,4,MLB-AL,Minnesota,2,2,1,,,12.1,10,5,5,6,13,2,0,3.65,44,1,0,0,2,0,2,0,0,51,205,61%,16%,14%,36%,30%,9%,1.297,.276,9.5,2.17
332,Nick Pivetta\redirect.fcgi?player=1&mlb_ID=601713,gl,26,0,MLB-NL,Philadelphia,5,1,,,,11.0,6,4,4,6,14,2,0,3.27,38,1,0,1,1,1,0,0,0,45,175,58%,19%,12%,56%,8%,4%,1.091,.174,11.5,2.33
333,Zach Plesac\redirect.fcgi?player=1&mlb_ID=668676,gl,24,4,MLB-AL,Cleveland,2,2,2,,,13.0,10,3,2,4,10,1,1,1.38,48,2,0,0,1,0,0,0,0,53,210,66%,14%,12%,44%,31%,13%,1.077,.243,6.9,2.50
334,Adam Plutko\redirect.fcgi?player=1&mlb_ID=592644,gl,27,5,MLB-AL,Cleveland,2,2,,1,,12.1,9,4,4,3,5,2,0,2.92,46,2,0,0,1,0,0,0,0,49,205,65%,15%,7%,38%,18%,15%,0.973,.179,3.6,1.67
335,Colin Poche\redirect.fcgi?player=1&mlb_ID=621363,gl,25,0,MLB-AL,Tampa Bay,7,0,,1,1,6.1,6,4,4,0,8,2,0,5.68,25,1,1,0,0,0,0,0,0,25,97,75%,12%,20%,24%,12%,12%,0.947,.267,11.4,
336,Drew Pomeranz\redirect.fcgi?player=1&mlb_ID=519141,gl,30,0,MLB-NL,San Francisco,4,0,,,,5.1,1,0,0,1,8,0,0,0.00,15,0,0,0,1,0,0,1,0,16,78,73%,15%,15%,50%,17%,0%,0.375,.143,13.5,8.00
337,Daniel Ponce de Leon\redirect.fcgi?player=1&mlb_ID=594965,gl,27,3,MLB-NL,St. Louis,3,3,,1,,9.0,14,10,10,10,6,1,0,10.00,38,0,0,1,3,0,0,0,0,48,207,61%,13%,10%,52%,29%,6%,2.667,.419,6.0,0.60
338,Sean Poppen\redirect.fcgi?player=1&mlb_ID=664092,gl,25,2,MLB-AL,Minnesota,2,0,,,,3.0,1,0,0,1,4,0,0,0.00,9,0,0,0,0,0,0,0,0,10,40,60%,18%,13%,60%,40%,0%,0.667,.200,12.0,4.00
339,Rick Porcello\redirect.fcgi?player=1&mlb_ID=519144,gl,30,5,MLB-AL,Boston,2,2,2,,,11.0,17,9,9,2,9,3,0,7.36,50,5,1,0,0,0,0,0,0,52,211,68%,17%,9%,29%,37%,15%,1.727,.368,7.4,4.50
340,Ryan Pressly\redirect.fcgi?player=1&mlb_ID=519151,gl,30,4,MLB-AL,Houston,4,0,,1,,3.0,5,4,4,2,5,1,0,12.00,13,3,0,0,1,0,0,0,0,15,62,60%,26%,11%,38%,50%,0%,2.333,.571,15.0,2.50
341,David Price\redirect.fcgi?player=1&mlb_ID=456034,gl,33,0,MLB-AL,Boston,3,3,,2,,14.1,21,13,13,5,21,5,0,8.16,63,3,2,0,1,0,1,0,0,68,280,65%,19%,9%,42%,28%,5%,1.814,.432,13.2,4.20
342,Cal Quantrill\redirect.fcgi?player=1&mlb_ID=615698,gl,24,3,MLB-NL,San Diego,2,1,2,,,11.0,5,1,1,4,10,0,0,0.82,37,1,0,0,0,0,0,0,0,41,163,60%,15%,10%,37%,26%,7%,0.818,.185,8.2,2.50
343,Jose Quijada\redirect.fcgi?player=1&mlb_ID=650671,gl,23,0,MLB-NL,Miami,6,0,2,,,8.2,4,2,2,4,11,2,0,2.08,25,0,0,0,1,0,0,0,0,30,136,60%,12%,17%,40%,20%,7%,0.923,.167,11.4,2.75
344,Jose Quintana\redirect.fcgi?player=1&mlb_ID=500779,gl,30,2,MLB-NL,Chicago,2,2,1,,,9.2,12,8,8,3,10,3,0,7.45,38,4,0,0,0,2,1,0,0,44,162,62%,20%,8%,23%,30%,17%,1.552,.333,9.3,3.33
345,Tanner Rainey\redirect.fcgi?player=1&mlb_ID=663432,gl,26,5,MLB-NL,Washington,4,0,,,,3.0,4,1,1,2,6,0,0,3.00,13,2,0,0,0,0,0,0,0,15,64,64%,16%,16%,33%,33%,0%,2.000,.571,18.0,3.00
346,Nick Ramirez\redirect.fcgi?player=1&mlb_ID=598286,gl,29,0,MLB-AL,Detroit,7,0,1,,,9.1,8,5,4,2,9,0,0,3.86,36,4,0,1,0,0,1,0,0,38,129,60%,13%,10%,46%,19%,12%,1.071,.296,8.7,4.50
347,Noe Ramirez\redirect.fcgi?player=1&mlb_ID=598287,gl,29,9,MLB-AL,Los Angeles,1,0,,,,1.0,1,0,0,1,1,0,0,0.00,3,0,0,0,1,0,0,0,0,4,15,67%,20%,20%,100%,0%,0%,2.000,.500,9.0,1.00
348,Robbie Ray\redirect.fcgi?player=1&mlb_ID=592662,gl,27,2,MLB-NL,Arizona,3,3,2,1,,18.0,21,10,9,2,28,7,0,4.50,73,1,0,0,1,0,0,0,0,77,310,69%,16%,14%,32%,32%,5%,1.278,.368,14.0,14.00
349,AJ Reed\redirect.fcgi?player=1&mlb_ID=607223,gl,26,2,MLB-AL,Chicago,1,0,,,,1.0,0,0,0,0,0,0,0,0.00,3,0,0,0,0,0,0,0,0,3,12,58%,8%,8%,33%,0%,0%,0.000,.000,0.0,
350,Sean Reid-Foley\redirect.fcgi?player=1&mlb_ID=656887,gl,23,0,MLB-AL,Toronto,1,1,1,,,5.0,4,0,0,4,4,0,0,0.00,20,1,0,0,0,0,0,0,0,24,92,63%,15%,10%,53%,24%,0%,1.600,.250,7.2,1.00
351,Zac Reininger\redirect.fcgi?player=1&mlb_ID=643617,gl,26,11,MLB-AL,Detroit,2,0,,,,2.1,4,4,4,2,2,1,0,15.43,11,2,0,0,0,0,0,0,0,13,52,52%,17%,4%,33%,56%,0%,2.571,.375,7.7,1.00
352,Jacob Rhame\redirect.fcgi?player=1&mlb_ID=642008,gl,26,11,MLB-NL,New York,1,0,,1,,1.2,0,1,0,3,3,0,0,0.00,6,0,0,0,0,0,0,0,0,9,38,50%,8%,5%,0%,0%,0%,1.800,.000,16.2,1.00
353,Trevor Richards\redirect.fcgi?player=1&mlb_ID=670950,gl,26,0,MLB-NL,Miami,5,2,,2,,13.0,16,10,10,6,15,3,0,6.92,53,4,0,0,1,0,0,0,0,59,234,61%,14%,13%,33%,33%,5%,1.692,.371,10.4,2.50
354,Tanner Roark\redirect.fcgi?player=1&mlb_ID=543699,gl,32,0,MLB-NL,Cincinnati,3,3,1,1,,13.1,17,9,9,7,13,1,1,6.08,55,3,0,0,1,0,0,0,1,63,289,61%,17%,6%,40%,30%,10%,1.800,.390,8.8,1.86
355,Hansel Robles\redirect.fcgi?player=1&mlb_ID=570663,gl,28,0,MLB-AL,Los Angeles,5,0,,,2,5.0,6,2,2,1,1,1,0,3.60,18,1,0,0,1,1,0,0,0,20,65,69%,17%,8%,33%,28%,0%,1.400,.294,1.8,1.00
356,Fernando Rodney\redirect.fcgi?player=1&mlb_ID=407845,gl,42,1,MLB-NL,Washington,6,0,,2,,5.1,7,3,3,4,6,1,0,5.06,23,0,0,0,0,0,0,0,0,27,121,60%,14%,11%,47%,18%,6%,2.063,.375,10.1,1.50
357,Eduardo Rodriguez\redirect.fcgi?player=1&mlb_ID=593958,gl,26,3,MLB-AL,Boston,3,3,3,,,19.0,12,5,5,10,15,3,0,2.37,67,2,0,0,2,0,0,0,0,77,320,62%,17%,10%,49%,21%,8%,1.158,.184,7.1,1.50
358,Jose Rodriguez\redirect.fcgi?player=1&mlb_ID=642578,gl,23,3,MLB-AL,Los Angeles,1,0,,,,1.2,1,0,0,0,2,0,0,0.00,5,0,0,0,1,0,0,0,0,5,16,88%,25%,19%,67%,33%,0%,0.600,.333,10.8,
359,Richard Rodriguez\redirect.fcgi?player=1&mlb_ID=593144,gl,29,1,MLB-NL,Pittsburgh,5,0,,1,,4.2,2,1,1,2,5,0,1,1.93,16,0,0,0,0,0,0,0,0,19,74,65%,15%,14%,36%,9%,18%,0.857,.182,9.6,2.50
360,Chaz Roe\redirect.fcgi?player=1&mlb_ID=475054,gl,32,0,MLB-AL,Tampa Bay,6,0,1,,,5.2,4,0,0,3,5,0,0,0.00,19,3,0,0,2,0,0,0,0,22,88,61%,24%,8%,29%,21%,7%,1.235,.286,7.9,1.67
361,Taylor Rogers\redirect.fcgi?player=1&mlb_ID=573124,gl,28,0,MLB-AL,Minnesota,5,0,,1,3,6.0,9,4,4,1,5,1,1,6.00,27,2,0,0,0,0,0,0,0,29,87,69%,24%,13%,50%,23%,9%,1.667,.381,7.5,5.00
362,Sal Romano\redirect.fcgi?player=1&mlb_ID=607219,gl,25,7,MLB-NL,Cincinnati,1,0,,,1,3.0,3,1,1,1,2,0,0,3.00,11,0,0,0,1,0,0,0,0,12,51,61%,24%,8%,44%,44%,11%,1.333,.333,6.0,2.00
363,Austin Romine\redirect.fcgi?player=1&mlb_ID=519222,gl,30,5,MLB-AL,New York,1,0,,,,1.0,4,3,3,0,0,2,0,27.00,7,1,0,0,0,0,0,0,0,7,21,71%,14%,0%,14%,29%,0%,4.000,.400,0.0,
364,Sergio Romo\redirect.fcgi?player=1&mlb_ID=489265,gl,36,0,MLB-NLMLB-AL,MiamiMinnesota,5,0,1,,1,5.0,3,0,0,0,7,0,1,0.00,18,1,0,0,0,0,1,0,0,19,89,66%,16%,16%,18%,36%,9%,0.600,.273,12.6,
365,Hector Rondon\redirect.fcgi?player=1&mlb_ID=444468,gl,31,2,MLB-AL,Houston,4,0,,,,4.0,2,0,0,0,4,0,0,0.00,16,0,0,0,0,0,0,0,0,16,67,72%,16%,12%,67%,8%,0%,0.500,.167,9.0,
366,Trevor Rosenthal\redirect.fcgi?player=1&mlb_ID=572096,gl,29,2,MLB-AL,Detroit,5,0,,,,5.0,1,3,2,6,6,0,0,3.60,16,1,0,0,0,0,0,0,0,22,109,51%,17%,10%,40%,20%,10%,1.400,.100,10.8,1.00
367,Joe Ross\redirect.fcgi?player=1&mlb_ID=605452,gl,26,3,MLB-NL,Washington,2,1,,2,,10.0,17,10,9,4,13,2,0,8.10,43,3,0,1,1,1,1,0,0,49,184,61%,16%,14%,24%,45%,0%,2.100,.517,11.7,3.25
368,Jose Ruiz\redirect.fcgi?player=1&mlb_ID=614179,gl,24,0,MLB-AL,Chicago,5,0,,1,,4.2,5,3,1,3,5,0,0,1.93,18,2,0,0,1,0,1,0,0,22,80,61%,15%,11%,46%,31%,0%,1.714,.385,9.6,1.67
369,Kyle Ryan\redirect.fcgi?player=1&mlb_ID=594986,gl,27,2,MLB-NL,Chicago,6,0,1,,,7.2,2,3,2,3,8,0,1,2.35,24,0,0,0,1,0,0,0,0,28,113,65%,19%,17%,47%,13%,20%,0.652,.125,9.4,2.67
370,Hyun-Jin Ryu\redirect.fcgi?player=1&mlb_ID=547943,gl,32,4,MLB-NL,Los Angeles,2,2,1,,,13.2,12,2,2,4,11,0,1,1.32,51,3,0,0,1,0,0,0,0,58,205,63%,17%,10%,50%,37%,11%,1.171,.300,7.2,2.75
371,CC Sabathia\redirect.fcgi?player=1&mlb_ID=282332,gl,38,3,MLB-AL,New York,2,2,,2,,8.1,15,12,11,2,5,6,0,11.88,39,2,0,0,0,0,0,0,0,42,142,63%,11%,11%,23%,29%,3%,2.040,.321,5.4,2.50
372,Casey Sadler\redirect.fcgi?player=1&mlb_ID=594987,gl,28,0,MLB-NL,Los Angeles,5,0,1,,,6.1,2,0,0,2,5,0,0,0.00,22,1,0,0,0,0,0,0,0,24,90,62%,22%,9%,56%,6%,19%,0.632,.118,7.1,2.50
373,Fernando Salas\redirect.fcgi?player=1&mlb_ID=477569,gl,34,10,MLB-NL,Philadelphia,2,0,,,,1.2,5,1,1,0,2,0,0,5.40,10,1,0,0,0,0,0,0,0,10,38,66%,8%,3%,44%,33%,11%,3.000,.625,10.8,
374,Chris Sale\redirect.fcgi?player=1&mlb_ID=519242,gl,30,2,MLB-AL,Boston,3,3,2,1,,17.1,11,8,8,8,29,3,0,4.15,64,4,0,0,0,0,0,0,0,72,317,62%,18%,15%,46%,26%,3%,1.096,.250,15.1,3.63
375,Jeff Samardzija\redirect.fcgi?player=1&mlb_ID=502188,gl,34,4,MLB-NL,San Francisco,2,2,,1,,11.0,10,5,5,3,13,3,1,4.09,41,1,1,0,0,0,1,2,0,45,179,65%,14%,13%,39%,25%,0%,1.182,.280,10.6,4.33
376,Adrian Sampson\redirect.fcgi?player=1&mlb_ID=592716,gl,27,3,MLB-AL,Texas,3,2,,2,,12.2,19,16,16,3,6,7,3,11.37,56,5,0,0,0,1,0,0,0,63,216,62%,15%,6%,53%,14%,12%,1.737,.273,4.3,2.00
377,Aaron Sanchez\redirect.fcgi?player=1&mlb_ID=592717,gl,26,2,MLB-AL,Toronto,3,3,,1,,15.2,19,9,9,1,20,1,2,5.17,65,6,0,0,0,0,1,0,0,68,274,68%,20%,11%,39%,30%,15%,1.277,.409,11.5,20.00
378,Anibal Sanchez\redirect.fcgi?player=1&mlb_ID=434671,gl,35,4,MLB-NL,Washington,2,2,1,,,12.0,9,4,4,4,10,1,1,3.00,45,0,0,0,0,0,2,0,0,50,186,62%,18%,10%,40%,37%,6%,1.083,.235,7.5,2.50
379,Josh Sborz\redirect.fcgi?player=1&mlb_ID=622250,gl,25,1,MLB-NL,Los Angeles,1,0,,,,2.0,4,3,3,1,1,1,0,13.50,10,2,0,0,0,0,0,0,0,11,33,70%,18%,9%,44%,22%,0%,2.500,.375,4.5,1.00
380,Max Scherzer\redirect.fcgi?player=1&mlb_ID=453286,gl,34,5,MLB-NL,Washington,1,1,,,,5.0,4,3,3,2,8,1,0,5.40,18,1,0,0,0,0,0,1,0,20,85,67%,21%,19%,30%,40%,10%,1.200,.333,14.4,4.00
381,Brian Schlitter\redirect.fcgi?player=1&mlb_ID=489295,gl,33,5,MLB-AL,Oakland,2,0,,,,5.0,4,2,2,2,4,0,0,3.60,19,2,0,0,0,0,0,0,0,21,76,67%,16%,12%,60%,13%,13%,1.200,.267,7.2,2.00
382,Jaime Schultz\redirect.fcgi?player=1&mlb_ID=621289,gl,28,2,MLB-NL,Los Angeles,1,0,,,,2.0,5,4,4,1,0,1,0,18.00,10,2,0,0,1,0,0,0,0,11,41,59%,10%,7%,20%,50%,0%,3.000,.444,0.0,0.00
383,Tanner Scott\redirect.fcgi?player=1&mlb_ID=656945,gl,24,5,MLB-AL,Baltimore,3,0,1,,,5.2,6,3,3,5,5,0,1,4.76,20,2,0,0,2,0,0,0,0,26,91,53%,9%,13%,56%,25%,0%,1.941,.400,7.9,1.00
384,Antonio Senzatela\redirect.fcgi?player=1&mlb_ID=622608,gl,24,10,MLB-NL,Colorado,1,1,,1,,1.1,7,6,6,2,1,0,0,40.50,11,3,0,0,0,0,1,0,0,13,60,60%,10%,5%,64%,27%,0%,6.750,.700,6.8,0.50
385,Justin Shafer\redirect.fcgi?player=1&mlb_ID=596101,gl,26,1,MLB-AL,Toronto,6,0,,,,5.1,7,2,2,4,7,0,0,3.38,21,3,1,0,1,0,0,0,0,26,110,64%,11%,14%,29%,43%,14%,2.063,.500,11.8,1.75
386,Bryan Shaw\redirect.fcgi?player=1&mlb_ID=543766,gl,31,0,MLB-NL,Colorado,4,0,,,,5.0,4,5,5,4,8,0,0,9.00,18,1,0,0,0,0,2,0,0,23,106,58%,17%,12%,50%,20%,0%,1.600,.400,14.4,2.00
387,Chasen Shreve\redirect.fcgi?player=1&mlb_ID=592741,gl,28,8,MLB-NL,St. Louis,3,0,1,,,2.0,2,2,2,1,2,0,1,9.00,8,2,0,0,0,0,0,0,0,10,42,55%,10%,5%,0%,67%,17%,1.500,.333,9.0,2.00
388,Lucas Sims\redirect.fcgi?player=1&mlb_ID=608371,gl,25,0,MLB-NL,Cincinnati,5,1,1,1,,11.0,7,7,7,5,14,3,0,5.73,39,0,1,0,1,0,2,0,0,44,185,63%,15%,12%,38%,17%,21%,1.091,.182,11.5,2.80
389,Tony Sipp\redirect.fcgi?player=1&mlb_ID=448609,gl,35,0,MLB-NL,Washington,7,0,,1,,4.0,2,3,3,3,4,1,0,6.75,13,0,0,0,0,1,0,0,0,17,76,64%,13%,11%,50%,10%,0%,1.250,.111,9.0,1.33
390,Devin Smeltzer\redirect.fcgi?player=1&mlb_ID=656970,gl,23,6,MLB-AL,Minnesota,1,0,,,,5.0,5,1,1,0,4,1,0,1.80,19,1,0,0,1,0,0,0,0,19,63,76%,17%,13%,33%,33%,0%,1.000,.286,7.2,
391,Burch Smith\redirect.fcgi?player=1&mlb_ID=572143,gl,29,7,MLB-NL,Milwaukee,2,0,,,,4.0,6,5,5,4,4,1,1,11.25,17,1,0,0,0,0,0,0,0,22,88,64%,17%,13%,21%,21%,14%,2.500,.417,9.0,1.00
392,Caleb Smith\redirect.fcgi?player=1&mlb_ID=592761,gl,27,1,MLB-NL,Miami,3,3,2,,,19.0,11,7,7,5,25,2,1,3.32,67,4,0,1,0,1,0,0,0,74,295,65%,17%,13%,23%,26%,19%,0.842,.220,11.8,5.00
393,Joe Smith\redirect.fcgi?player=1&mlb_ID=501925,gl,35,3,MLB-AL,Houston,3,0,,,,3.0,2,1,0,0,0,0,0,0.00,11,0,0,0,1,0,0,0,0,11,27,70%,22%,0%,82%,9%,0%,0.667,.182,0.0,
394,Will Smith\redirect.fcgi?player=1&mlb_ID=519293,gl,29,2,MLB-NL,San Francisco,6,0,,,2,7.0,5,2,2,2,10,1,0,2.57,25,1,0,1,2,0,0,0,0,27,111,67%,19%,16%,47%,33%,13%,1.000,.286,12.9,5.00
395,Drew Smyly\redirect.fcgi?player=1&mlb_ID=592767,gl,30,0,MLB-NL,Philadelphia,2,2,1,,,13.0,8,1,1,3,13,0,0,0.69,43,1,0,0,2,0,0,1,1,46,199,67%,14%,14%,55%,19%,10%,0.846,.267,9.0,4.33
396,Blake Snell\redirect.fcgi?player=1&mlb_ID=605483,gl,26,9,MLB-AL,Tampa Bay,1,1,1,,,6.0,3,0,0,2,10,0,0,0.00,20,1,0,0,0,0,3,0,0,22,109,64%,12%,22%,50%,20%,20%,0.833,.300,15.0,5.00
397,Chad Sobotka\redirect.fcgi?player=1&mlb_ID=656977,gl,25,1,MLB-NL,Atlanta,5,0,,,,4.1,5,3,3,2,8,1,0,6.23,18,1,0,0,0,0,1,0,0,20,88,59%,17%,17%,30%,40%,10%,1.615,.444,16.6,4.00
398,Joakim Soria\redirect.fcgi?player=1&mlb_ID=465657,gl,35,2,MLB-AL,Oakland,7,0,,,,6.0,6,3,3,1,6,0,0,4.50,24,1,0,0,0,1,0,0,0,26,102,67%,16%,15%,37%,32%,11%,1.167,.316,9.0,6.00
399,Mike Soroka\redirect.fcgi?player=1&mlb_ID=647336,gl,21,4,MLB-NL,Atlanta,2,2,,1,,10.2,17,5,5,3,9,1,0,4.22,46,3,0,0,3,0,0,0,0,49,172,68%,16%,9%,47%,25%,8%,1.875,.444,7.6,3.00
400,Gregory Soto\redirect.fcgi?player=1&mlb_ID=642397,gl,24,0,MLB-AL,Detroit,4,0,,1,,7.2,12,7,7,5,8,2,0,8.22,34,4,0,0,0,0,1,0,0,39,156,63%,17%,12%,37%,41%,0%,2.217,.417,9.4,1.60
401,Glenn Sparkman\redirect.fcgi?player=1&mlb_ID=642098,gl,27,3,MLB-AL,Kansas City,2,2,,2,,10.2,18,13,12,3,5,5,1,10.13,49,2,0,0,0,0,0,1,0,54,195,62%,13%,5%,34%,27%,5%,1.969,.333,4.2,1.67
402,Jacob Stallings\redirect.fcgi?player=1&mlb_ID=607732,gl,29,6,MLB-NL,Pittsburgh,1,0,,,,1.0,0,0,0,0,0,0,0,0.00,3,0,0,0,0,0,0,0,0,3,7,71%,0%,14%,33%,0%,33%,0.000,.000,0.0,
403,Craig Stammen\redirect.fcgi?player=1&mlb_ID=489334,gl,35,0,MLB-NL,San Diego,7,0,,1,,6.0,6,1,0,4,8,0,0,0.00,24,1,0,1,1,0,0,0,0,28,99,61%,22%,9%,61%,33%,0%,1.667,.375,12.0,2.00
404,Ryne Stanek\redirect.fcgi?player=1&mlb_ID=592773,gl,27,11,MLB-AL,Tampa Bay,2,0,,,,2.0,4,2,2,0,2,1,0,9.00,10,1,0,0,0,0,0,0,0,10,31,61%,19%,10%,0%,63%,13%,2.000,.429,9.0,
405,Cody Stashak\redirect.fcgi?player=1&mlb_ID=664054,gl,25,3,MLB-AL,Minnesota,2,0,,,,3.0,6,1,1,0,3,0,0,3.00,14,2,0,0,1,0,0,0,0,14,48,75%,13%,19%,55%,18%,0%,2.000,.545,9.0,
406,Josh Staumont\redirect.fcgi?player=1&mlb_ID=622251,gl,25,0,MLB-AL,Kansas City,4,0,,,,4.1,7,7,2,5,3,1,1,4.15,21,1,0,1,0,0,0,0,0,27,100,56%,19%,8%,39%,17%,11%,2.769,.353,6.2,0.60
407,Robert Stephenson\redirect.fcgi?player=1&mlb_ID=596112,gl,26,0,MLB-NL,Cincinnati,6,0,,1,,8.2,9,11,10,5,10,4,0,10.38,33,2,0,0,1,0,0,1,0,39,146,64%,12%,18%,36%,18%,9%,1.615,.263,10.4,2.00
408,Kohl Stewart\redirect.fcgi?player=1&mlb_ID=640464,gl,24,7,MLB-AL,Minnesota,2,0,1,1,,2.0,3,2,2,1,2,0,0,9.00,9,0,0,0,0,0,1,0,0,10,36,56%,22%,8%,29%,29%,0%,2.000,.429,9.0,2.00
409,Matt Strahm\redirect.fcgi?player=1&mlb_ID=621381,gl,27,0,MLB-NL,San Diego,6,0,1,1,,9.0,8,5,5,2,15,1,0,5.00,36,1,0,0,0,0,1,0,0,38,142,75%,18%,15%,55%,14%,18%,1.111,.350,15.0,7.50
410,Stephen Strasburg\redirect.fcgi?player=1&mlb_ID=544931,gl,30,2,MLB-NL,Washington,3,3,3,,,18.1,13,4,4,4,24,0,2,1.96,67,5,1,0,0,0,2,0,0,73,313,63%,18%,12%,40%,30%,7%,0.927,.302,11.8,6.00
411,Chris Stratton\redirect.fcgi?player=1&mlb_ID=608717,gl,28,1,MLB-NL,Pittsburgh,4,0,,1,,7.2,3,1,1,0,9,1,0,1.17,26,1,0,0,0,0,0,0,0,26,93,68%,14%,13%,47%,12%,18%,0.391,.125,10.6,
412,Hunter Strickland\redirect.fcgi?player=1&mlb_ID=519326,gl,30,2,MLB-AL,Seattle,1,0,,,,1.0,0,0,0,0,0,0,0,0.00,3,0,0,0,0,0,0,1,0,3,9,67%,11%,11%,67%,0%,33%,0.000,.000,0.0,
413,Ross Stripling\redirect.fcgi?player=1&mlb_ID=548389,gl,29,6,MLB-NL,Los Angeles,2,2,,1,,10.0,8,5,4,0,7,2,0,3.60,37,3,0,0,0,2,0,0,0,39,152,66%,22%,9%,50%,16%,13%,0.800,.200,6.3,
414,Marcus Stroman\redirect.fcgi?player=1&mlb_ID=573186,gl,28,6,MLB-AL,Toronto,2,2,1,1,,14.0,11,1,1,1,11,0,0,0.64,52,2,0,0,0,0,1,0,0,53,201,61%,17%,8%,45%,24%,7%,0.857,.268,7.1,11.00
415,Pedro Strop\redirect.fcgi?player=1&mlb_ID=467008,gl,34,4,MLB-NL,Chicago,5,0,1,1,,4.1,6,4,4,1,4,1,1,8.31,19,3,0,0,0,0,0,0,0,21,70,64%,13%,9%,50%,19%,19%,1.615,.357,8.3,4.00
416,Daniel Stumpf\redirect.fcgi?player=1&mlb_ID=621385,gl,28,7,MLB-AL,Detroit,2,0,,1,,1.2,4,1,1,0,0,0,0,5.40,8,0,1,0,1,0,0,0,0,8,22,68%,18%,5%,25%,38%,13%,2.400,.500,0.0,
417,Andrew Suarez\redirect.fcgi?player=1&mlb_ID=605498,gl,26,13,MLB-NL,San Francisco,1,0,,,,1.2,3,3,3,1,2,1,0,16.20,8,1,0,0,0,0,0,0,0,9,33,61%,12%,6%,67%,17%,0%,2.400,.400,10.8,2.00
418,Jose Suarez\redirect.fcgi?player=1&mlb_ID=660761,gl,21,5,MLB-AL,Los Angeles,1,1,,,,4.1,4,2,2,1,6,0,0,4.15,18,1,0,0,0,0,1,0,0,19,80,65%,14%,19%,64%,9%,0%,1.154,.333,12.5,6.00
419,Ranger Suarez\redirect.fcgi?player=1&mlb_ID=624133,gl,23,3,MLB-NL,Philadelphia,4,0,2,,,7.0,10,4,4,2,10,2,0,5.14,29,2,0,0,1,0,0,0,0,32,119,61%,20%,9%,42%,37%,0%,1.714,.471,12.9,5.00
420,Wander Suero\redirect.fcgi?player=1&mlb_ID=593833,gl,27,1,MLB-NL,Washington,8,0,1,1,,7.2,7,3,3,4,6,0,0,3.52,27,0,0,0,0,0,2,0,0,31,119,60%,12%,13%,38%,38%,10%,1.435,.333,7.0,1.50
421,Erik Swanson\redirect.fcgi?player=1&mlb_ID=657024,gl,25,5,MLB-AL,Seattle,3,2,,,,6.0,4,3,3,2,6,2,0,4.50,21,1,0,0,0,0,1,0,0,23,110,64%,16%,8%,40%,13%,13%,1.000,.154,9.0,3.00
422,Anthony Swarzak\redirect.fcgi?player=1&mlb_ID=461872,gl,33,0,MLB-NL,Atlanta,4,0,,1,,2.2,5,5,5,2,2,2,0,16.88,13,0,0,0,0,0,0,0,0,15,58,62%,10%,14%,36%,18%,9%,2.625,.333,6.8,1.00
423,Noah Syndergaard\redirect.fcgi?player=1&mlb_ID=592789,gl,26,0,MLB-NL,New York,3,3,,1,,21.1,19,6,4,7,27,0,0,1.69,79,4,2,2,2,2,5,0,0,88,314,68%,15%,17%,56%,23%,5%,1.219,.352,11.4,3.86
424,Masahiro Tanaka\redirect.fcgi?player=1&mlb_ID=547888,gl,30,5,MLB-AL,New York,2,2,1,1,,9.1,19,17,17,4,7,3,0,16.39,47,7,0,0,0,0,0,0,0,51,172,64%,15%,8%,40%,38%,3%,2.464,.432,6.8,1.75
425,Stephen Tarpley\redirect.fcgi?player=1&mlb_ID=605501,gl,26,5,MLB-AL,New York,3,0,,,1,6.0,8,5,4,4,8,0,0,6.00,26,4,0,1,0,0,0,0,0,30,127,61%,18%,13%,33%,39%,17%,2.000,.444,12.0,2.00
426,Dillon Tate\redirect.fcgi?player=1&mlb_ID=622253,gl,25,1,MLB-AL,Baltimore,1,0,,,,2.0,2,3,3,1,3,1,1,13.50,8,0,0,0,0,0,0,0,0,10,41,61%,20%,12%,40%,0%,20%,1.500,.250,13.5,3.00
427,Josh Taylor\redirect.fcgi?player=1&mlb_ID=657031,gl,26,0,MLB-AL,Boston,6,0,,1,,4.1,6,3,3,4,4,1,1,6.23,18,1,0,0,0,0,0,0,0,23,90,59%,7%,18%,33%,33%,13%,2.308,.385,8.3,1.00
428,Julio Teheran\redirect.fcgi?player=1&mlb_ID=527054,gl,28,0,MLB-NL,Atlanta,3,3,1,1,,18.1,15,5,3,4,17,1,0,1.47,69,2,0,0,0,0,0,0,0,74,296,66%,19%,6%,31%,23%,10%,1.036,.275,8.3,4.25
429,Trent Thornton\redirect.fcgi?player=1&mlb_ID=663423,gl,25,10,MLB-AL,Toronto,1,1,,,,3.0,3,4,4,0,3,1,0,12.00,13,1,0,0,0,0,0,0,0,13,48,71%,17%,8%,30%,20%,10%,1.000,.222,9.0,
430,Lewis Thorpe\redirect.fcgi?player=1&mlb_ID=626929,gl,23,4,MLB-AL,Minnesota,2,0,1,,,4.2,6,1,1,0,2,0,0,1.93,19,2,0,0,1,0,0,0,0,19,68,68%,18%,9%,12%,59%,18%,1.286,.353,3.9,
431,Josh Tomlin\redirect.fcgi?player=1&mlb_ID=458708,gl,34,2,MLB-NL,Atlanta,5,0,,,,7.0,3,1,1,1,6,1,0,1.29,23,1,0,0,1,0,0,0,0,24,94,65%,20%,5%,29%,18%,18%,0.571,.125,7.7,6.00
432,Touki Toussaint\redirect.fcgi?player=1&mlb_ID=657053,gl,23,12,MLB-NL,Atlanta,1,0,,,,2.1,4,3,3,3,2,1,0,11.57,11,0,0,0,0,0,0,0,0,14,54,54%,17%,4%,33%,33%,0%,3.000,.375,7.7,0.67
433,Blake Treinen\redirect.fcgi?player=1&mlb_ID=595014,gl,31,0,MLB-AL,Oakland,6,0,3,,,5.1,3,0,0,5,7,0,0,0.00,19,1,0,0,0,0,0,0,0,24,106,64%,13%,15%,42%,42%,8%,1.500,.250,11.8,1.40
434,Lou Trivino\redirect.fcgi?player=1&mlb_ID=642152,gl,27,4,MLB-AL,Oakland,5,0,,,,5.0,4,5,5,2,2,2,1,9.00,19,0,0,0,0,0,0,0,0,22,66,61%,14%,5%,50%,13%,0%,1.200,.133,3.6,1.00
435,Nick Tropeano\redirect.fcgi?player=1&mlb_ID=607374,gl,28,4,MLB-AL,Los Angeles,1,1,,1,,5.0,6,7,7,3,3,1,1,12.60,20,1,0,0,0,1,3,0,0,25,103,60%,16%,12%,28%,22%,6%,1.800,.294,5.4,1.00
436,Sam Tuivailala\redirect.fcgi?player=1&mlb_ID=592815,gl,26,0,MLB-AL,Seattle,3,0,1,,,3.1,3,0,0,1,5,0,0,0.00,14,0,0,0,0,0,0,0,0,15,59,64%,17%,10%,78%,11%,11%,1.200,.333,13.5,5.00
437,Spencer Turnbull\redirect.fcgi?player=1&mlb_ID=605513,gl,26,13,MLB-AL,Detroit,1,1,,1,,6.0,6,3,3,1,3,0,0,4.50,22,1,0,0,1,0,0,1,0,23,86,65%,17%,5%,58%,32%,0%,1.167,.316,4.5,3.00
438,Julio Urias\redirect.fcgi?player=1&mlb_ID=628711,gl,22,0,MLB-NL,Los Angeles,3,1,,,,7.0,10,6,3,4,7,0,0,3.86,30,2,1,1,1,0,0,2,1,34,149,63%,8%,11%,50%,33%,4%,2.000,.435,9.0,1.75
439,Jose Urquidy\redirect.fcgi?player=1&mlb_ID=664353,gl,24,4,MLB-AL,Houston,2,2,1,,,13.0,6,2,2,2,15,1,0,1.38,45,0,0,0,0,0,0,0,0,47,186,65%,18%,14%,50%,13%,7%,0.615,.172,10.4,7.50
440,Phillips Valdez\redirect.fcgi?player=1&mlb_ID=570488,gl,27,0,MLB-AL,Texas,4,0,,,,5.0,8,4,4,2,7,2,1,7.20,24,1,0,0,0,0,2,0,0,27,100,61%,22%,7%,47%,29%,0%,2.000,.400,12.6,3.50
441,Jason Vargas\redirect.fcgi?player=1&mlb_ID=450306,gl,36,2,MLB-NL,New York,3,3,3,,,17.2,12,6,6,8,17,3,0,3.06,65,2,0,0,1,0,2,0,0,73,287,63%,17%,13%,33%,22%,16%,1.132,.200,8.7,2.13
442,Felipe Vazquez\redirect.fcgi?player=1&mlb_ID=553878,gl,27,5,MLB-NL,Pittsburgh,3,0,,,,3.0,1,0,0,0,5,0,0,0.00,10,0,0,0,0,0,0,0,0,10,49,76%,12%,14%,60%,20%,20%,0.333,.200,15.0,
443,Vince Velasquez\redirect.fcgi?player=1&mlb_ID=592826,gl,27,6,MLB-NL,Philadelphia,1,1,1,,,5.2,4,0,0,2,9,0,0,0.00,21,1,0,0,0,0,1,0,0,23,110,63%,11%,13%,50%,17%,8%,1.059,.333,14.3,4.50
444,Drew VerHagen\redirect.fcgi?player=1&mlb_ID=572403,gl,28,0,MLB-AL,Detroit,2,2,,2,,8.2,16,11,9,5,6,2,1,9.35,41,5,1,0,2,0,3,0,0,47,166,66%,22%,8%,39%,25%,8%,2.423,.424,6.2,1.20
445,Justin Verlander\redirect.fcgi?player=1&mlb_ID=434378,gl,36,0,MLB-AL,Houston,3,3,3,,,19.0,12,3,2,3,36,2,0,0.95,70,2,0,0,0,0,3,0,0,73,322,66%,15%,16%,39%,25%,8%,0.789,.313,17.1,12.00
446,Michael Wacha\redirect.fcgi?player=1&mlb_ID=608379,gl,27,3,MLB-NL,St. Louis,3,0,1,,,9.1,12,2,2,1,7,1,0,1.93,37,2,0,0,1,0,0,1,0,39,148,68%,12%,11%,47%,27%,10%,1.393,.379,6.8,7.00
447,Jacob Waguespack\redirect.fcgi?player=1&mlb_ID=621097,gl,25,4,MLB-AL,Toronto,2,2,,1,,10.1,15,6,6,3,9,1,1,5.23,44,2,1,0,0,0,1,0,0,48,187,63%,14%,9%,44%,25%,11%,1.742,.412,7.8,3.00
448,Adam Wainwright\redirect.fcgi?player=1&mlb_ID=425794,gl,37,0,MLB-NL,St. Louis,3,3,1,,,14.0,19,12,12,7,14,1,0,7.71,57,6,0,1,0,1,0,1,0,66,278,63%,17%,6%,40%,33%,7%,1.857,.419,9.0,2.00
449,Marcus Walden\redirect.fcgi?player=1&mlb_ID=519393,gl,30,0,MLB-AL,Boston,6,0,,,1,6.0,1,2,2,3,3,0,1,3.00,18,1,0,0,1,0,0,0,0,22,80,58%,19%,8%,63%,19%,6%,0.667,.067,4.5,1.00
450,Jeremy Walker\redirect.fcgi?player=1&mlb_ID=668683,gl,24,1,MLB-NL,Atlanta,3,0,,,,3.0,1,0,0,3,1,0,0,0.00,8,0,0,0,1,0,0,1,0,11,41,44%,7%,5%,71%,14%,0%,1.333,.143,3.0,0.33
451,Jared Walsh\redirect.fcgi?player=1&mlb_ID=665120,gl,25,11,MLB-AL,Los Angeles,1,0,,,,1.0,1,0,0,1,2,0,0,0.00,4,0,0,0,0,0,0,0,0,5,25,60%,20%,12%,100%,0%,0%,2.000,.500,18.0,2.00
452,Wei-Chung Wang\redirect.fcgi?player=1&mlb_ID=623913,gl,27,5,MLB-AL,Oakland,4,0,,,,5.2,8,4,4,5,1,1,1,6.35,23,0,0,0,2,0,0,0,0,29,126,59%,13%,7%,36%,23%,5%,2.294,.333,1.6,0.20
453,Tony Watson\redirect.fcgi?player=1&mlb_ID=453265,gl,34,4,MLB-NL,San Francisco,4,0,,,,3.1,1,0,0,0,3,0,0,0.00,11,0,0,0,0,0,0,0,0,11,32,72%,19%,19%,38%,38%,25%,0.300,.125,8.1,
454,Tyler Webb\redirect.fcgi?player=1&mlb_ID=643778,gl,28,2,MLB-NL,St. Louis,3,0,,,,4.0,0,0,0,0,5,0,0,0.00,12,0,0,0,0,0,0,0,0,12,59,63%,15%,8%,43%,14%,29%,0.000,.000,11.3,
455,Ryan Weber\redirect.fcgi?player=1&mlb_ID=543901,gl,28,11,MLB-AL,Boston,1,0,,,,3.2,4,3,2,1,3,0,0,4.91,16,1,0,0,0,0,1,0,0,17,59,69%,15%,15%,64%,14%,0%,1.364,.308,7.4,3.00
456,Zack Wheeler\redirect.fcgi?player=1&mlb_ID=554430,gl,29,4,MLB-NL,New York,1,1,1,,,5.1,6,3,3,0,7,1,0,5.06,22,0,0,0,0,0,0,0,0,22,73,74%,15%,10%,27%,27%,0%,1.125,.357,11.8,
457,Rowan Wick\redirect.fcgi?player=1&mlb_ID=592858,gl,26,0,MLB-NL,Chicago,5,0,,,,4.0,0,0,0,3,7,0,0,0.00,11,0,0,1,0,0,1,0,0,15,60,67%,18%,17%,75%,0%,0%,0.750,.000,15.8,2.33
458,Stevie Wilkerson\redirect.fcgi?player=1&mlb_ID=592859,gl,27,5,MLB-AL,Baltimore,2,0,,,1,3.0,2,1,1,0,1,1,0,3.00,11,0,0,0,0,0,0,0,0,11,34,76%,24%,12%,40%,20%,0%,0.667,.111,3.0,
459,Taylor Williams\redirect.fcgi?player=1&mlb_ID=592865,gl,27,2,MLB-NL,Milwaukee,1,0,,,,1.0,1,1,1,0,1,0,1,9.00,4,0,0,0,0,0,0,0,0,5,17,82%,18%,24%,33%,33%,0%,1.000,.333,9.0,
460,Trevor Williams\redirect.fcgi?player=1&mlb_ID=592866,gl,27,3,MLB-NL,Pittsburgh,2,2,,1,,12.0,9,5,4,4,14,3,0,3.00,44,2,0,1,0,1,1,0,0,49,188,65%,14%,14%,24%,21%,18%,1.083,.214,10.5,3.50
461,Justin Wilson\redirect.fcgi?player=1&mlb_ID=458677,gl,31,0,MLB-NL,New York,7,0,,,,5.0,4,1,1,4,5,0,0,1.80,18,1,0,0,2,0,0,0,0,22,75,63%,16%,15%,67%,25%,8%,1.600,.308,9.0,1.25
462,Trey Wingenter\redirect.fcgi?player=1&mlb_ID=622259,gl,25,10,MLB-NL,San Diego,2,0,,1,,2.1,2,1,1,0,4,0,0,3.86,9,1,0,0,0,0,1,0,0,9,41,68%,12%,20%,40%,20%,40%,0.857,.400,15.4,
463,Matt Wisler\redirect.fcgi?player=1&mlb_ID=605538,gl,26,2,MLB-AL,Seattle,3,2,,,,3.1,1,0,0,0,5,0,0,0.00,11,0,0,0,0,0,1,0,0,11,50,74%,12%,22%,0%,33%,50%,0.300,.167,13.5,
464,Nick Wittgren\redirect.fcgi?player=1&mlb_ID=621295,gl,28,0,MLB-AL,Cleveland,4,0,,,1,5.0,3,1,1,3,5,1,0,1.80,17,0,0,0,0,0,0,0,0,20,81,59%,17%,11%,45%,0%,18%,1.200,.182,9.0,1.67
465,Asher Wojciechowski\redirect.fcgi?player=1&mlb_ID=592879,gl,30,4,MLB-AL,Baltimore,2,2,2,,,14.1,4,2,2,3,16,1,1,1.26,46,2,1,0,1,0,0,0,0,50,205,64%,14%,18%,33%,30%,20%,0.488,.103,10.0,5.33
466,Alex Wood\redirect.fcgi?player=1&mlb_ID=622072,gl,28,2,MLB-NL,Cincinnati,1,1,,,,4.2,7,2,2,1,4,1,0,3.86,20,2,0,0,0,0,0,0,0,22,80,64%,16%,9%,13%,53%,7%,1.714,.400,7.7,4.00
467,Hunter Wood\redirect.fcgi?player=1&mlb_ID=621056,gl,25,3,MLB-AL,Tampa Bay,3,0,,,,4.0,3,2,2,1,3,2,0,4.50,15,0,0,0,0,0,0,0,0,16,63,62%,16%,2%,25%,17%,17%,1.000,.100,6.8,3.00
468,Brandon Woodruff\redirect.fcgi?player=1&mlb_ID=605540,gl,26,9,MLB-NL,Milwaukee,1,1,,,,3.0,6,4,4,2,3,1,0,12.00,13,1,0,0,1,1,0,0,0,16,76,63%,14%,8%,36%,18%,0%,2.667,.500,9.0,1.50
469,Brandon Workman\redirect.fcgi?player=1&mlb_ID=519443,gl,30,3,MLB-AL,Boston,4,0,,,1,5.1,3,3,3,4,8,0,0,5.06,19,0,0,0,0,1,0,0,0,24,116,64%,22%,9%,50%,25%,0%,1.313,.250,13.5,2.00
470,Kyle Wright\redirect.fcgi?player=1&mlb_ID=657140,gl,23,12,MLB-NL,Atlanta,1,1,,1,,2.2,7,7,7,3,3,0,0,23.63,14,2,1,0,1,0,1,0,0,17,64,52%,11%,8%,17%,67%,0%,3.750,.636,10.1,1.00
471,Jimmy Yacabonis\redirect.fcgi?player=1&mlb_ID=642231,gl,27,1,MLB-AL,Baltimore,4,1,,,,4.2,11,8,8,4,3,1,1,15.43,23,3,1,0,0,1,0,1,0,29,114,61%,19%,7%,33%,38%,0%,3.214,.500,5.8,0.75
472,Jordan Yamamoto\redirect.fcgi?player=1&mlb_ID=657141,gl,23,3,MLB-NL,Miami,2,2,,2,,8.0,6,11,11,5,7,3,1,12.38,30,1,0,0,0,0,1,0,0,36,164,55%,21%,6%,54%,13%,4%,1.375,.150,7.9,1.40
473,Ryan Yarbrough\redirect.fcgi?player=1&mlb_ID=642232,gl,27,4,MLB-AL,Tampa Bay,2,1,1,,,11.1,6,1,1,1,9,0,0,0.79,40,2,0,0,0,0,0,0,0,41,136,72%,18%,9%,55%,10%,13%,0.618,.194,7.1,9.00
474,Kirby Yates\redirect.fcgi?player=1&mlb_ID=489446,gl,32,4,MLB-NL,San Diego,3,0,,,1,3.0,3,1,0,0,8,0,0,0.00,14,1,0,0,0,0,1,0,0,14,64,67%,19%,22%,33%,33%,0%,1.000,.500,24.0,
475,Gabriel Ynoa\redirect.fcgi?player=1&mlb_ID=593679,gl,26,0,MLB-AL,Baltimore,5,0,1,,,12.1,7,2,1,3,8,0,0,0.73,45,2,0,1,1,0,0,0,0,48,186,66%,12%,11%,50%,21%,3%,0.811,.189,5.8,2.67
476,Alex Young\redirect.fcgi?player=1&mlb_ID=622065,gl,25,3,MLB-NL,Arizona,2,2,1,,,10.0,11,6,6,4,7,2,0,5.40,39,3,0,0,1,0,0,0,0,43,167,64%,21%,11%,36%,21%,3%,1.500,.300,6.3,1.75
477,Kyle Zimmer\redirect.fcgi?player=1&mlb_ID=622092,gl,27,0,MLB-AL,Kansas City,2,0,,,,4.0,2,0,0,2,2,0,0,0.00,15,2,0,0,0,0,0,0,0,17,71,59%,11%,11%,62%,15%,8%,1.000,.154,4.5,1.00
478,Jordan Zimmermann\redirect.fcgi?player=1&mlb_ID=519455,gl,33,1,MLB-AL,Detroit,3,3,1,2,,13.1,19,12,12,5,10,3,1,8.10,57,3,1,0,1,0,0,0,0,63,252,63%,18%,9%,48%,26%,7%,1.800,.364,6.8,2.00