Rk,Name,,Age,#days,Lev,Tm,G,PA,AB,R,H,2B,3B,HR,RBI,BB,IBB,SO,HBP,SH,SF,GDP,SB,CS,BA,OBP,SLG,OPS
1,Jose Abreu\redirect.fcgi?player=1&mlb_ID=547989,gl,32,1,MLB-AL,Chicago,4,17,15,3,4,1,0,1,4,2,0,6,0,0,0,0,0,0,.267,.353,.533,.886
2,Ronald Acuna Jr.\redirect.fcgi?player=1&mlb_ID=660670,gl,21,1,MLB-NL,Atlanta,3,15,11,4,4,0,0,1,2,3,0,4,1,0,0,0,3,0,.364,.533,.636,1.170
3,Willy Adames\redirect.fcgi?player=1&mlb_ID=642715,gl,23,1,MLB-AL,Tampa Bay,4,16,15,1,1,0,0,0,0,1,0,7,0,0,0,0,0,0,.067,.125,.067,.192
4,Matt Adams\redirect.fcgi?player=1&mlb_ID=571431,gl,30,1,MLB-NL,Washington,3,12,12,2,3,0,0,1,3,0,0,4,0,0,0,0,0,0,.250,.250,.500,.750
5,Ehire Adrianza\redirect.fcgi?player=1&mlb_ID=501303,gl,29,1,MLB-AL,Minnesota,3,12,10,5,4,2,1,0,2,2,0,1,0,0,0,0,0,0,.400,.500,.800,1.300
6,Dario Agrazal\redirect.fcgi?player=1&mlb_ID=642607,gl,24,3,MLB-NL,Pittsburgh,1,2,2,0,0,0,0,0,0,0,0,2,0,0,0,0,0,0,.000,.000,.000,.000
7,Jesus Aguilar\redirect.fcgi?player=1&mlb_ID=542583,gl,29,1,MLB-NL,Milwaukee,3,10,8,2,2,1,0,0,0,2,0,2,0,0,0,1,0,0,.250,.400,.375,.775
8,Nick Ahmed\redirect.fcgi?player=1&mlb_ID=605113,gl,29,1,MLB-NL,Arizona,4,15,12,3,4,1,0,0,1,3,0,2,0,0,0,0,0,0,.333,.467,.417,.883
9,Hanser Alberto\redirect.fcgi?player=1&mlb_ID=593643,gl,26,1,MLB-AL,Baltimore,4,11,11,1,4,0,0,1,1,0,0,0,0,0,0,0,0,0,.364,.364,.636,1.000
10,Ozzie Albies\redirect.fcgi?player=1&mlb_ID=645277,gl,22,1,MLB-NL,Atlanta,3,13,11,2,4,1,0,0,0,2,0,3,0,0,0,0,1,0,.364,.462,.455,.916
11,Sandy Alcantara\redirect.fcgi?player=1&mlb_ID=645261,gl,23,4,MLB-NL,Miami,1,1,1,0,0,0,0,0,0,0,0,1,0,0,0,0,0,0,.000,.000,.000,.000
12,Jorge Alfaro\redirect.fcgi?player=1&mlb_ID=595751,gl,26,1,MLB-NL,Miami,4,12,11,1,3,0,0,1,2,0,0,4,0,0,1,0,0,0,.273,.250,.545,.795
13,Greg Allen\redirect.fcgi?player=1&mlb_ID=656185,gl,26,1,MLB-AL,Cleveland,4,9,8,1,3,1,0,0,0,1,0,1,0,0,0,0,2,0,.375,.444,.500,.944
14,Albert Almora\redirect.fcgi?player=1&mlb_ID=546991,gl,25,1,MLB-NL,Chicago,4,14,14,1,1,0,0,0,1,0,0,2,0,0,0,0,0,0,.071,.071,.071,.143
15,Pete Alonso\redirect.fcgi?player=1&mlb_ID=624413,gl,24,1,MLB-NL,New York,3,10,5,3,1,0,0,1,3,5,0,1,0,0,0,0,0,0,.200,.600,.800,1.400
16,Yonder Alonso\redirect.fcgi?player=1&mlb_ID=475174,gl,32,1,MLB-NL,Colorado,1,1,1,0,1,1,0,0,1,0,0,0,0,0,0,0,0,0,1.000,1.000,2.000,3.000
17,Jose Altuve\redirect.fcgi?player=1&mlb_ID=514888,gl,29,1,MLB-AL,Houston,3,13,12,2,5,1,0,1,2,1,0,1,0,0,0,1,1,0,.417,.462,.750,1.212
18,Yordan Alvarez\redirect.fcgi?player=1&mlb_ID=670541,gl,22,1,MLB-AL,Houston,4,18,15,3,5,1,0,1,3,3,0,4,0,0,0,0,0,0,.333,.444,.600,1.044
19,Brian Anderson\redirect.fcgi?player=1&mlb_ID=605119,gl,26,1,MLB-NL,Miami,4,16,16,2,3,3,0,0,2,0,0,4,0,0,0,1,0,0,.188,.188,.375,.563
20,Chase Anderson\redirect.fcgi?player=1&mlb_ID=502624,gl,31,2,MLB-NL,Milwaukee,1,2,2,0,0,0,0,0,0,0,0,1,0,0,0,0,0,0,.000,.000,.000,.000
21,Shaun Anderson\redirect.fcgi?player=1&mlb_ID=641312,gl,24,2,MLB-NL,San Francisco,1,1,1,0,0,0,0,0,0,0,0,1,0,0,0,0,0,0,.000,.000,.000,.000
22,Elvis Andrus\redirect.fcgi?player=1&mlb_ID=462101,gl,30,1,MLB-AL,Texas,4,15,15,1,4,1,0,0,0,0,0,3,0,0,0,0,1,0,.267,.267,.333,.600
23,Chris Archer\redirect.fcgi?player=1&mlb_ID=502042,gl,30,1,MLB-NL,Pittsburgh,1,2,2,0,0,0,0,0,0,0,0,1,0,0,0,0,0,0,.000,.000,.000,.000
24,Orlando Arcia\redirect.fcgi?player=1&mlb_ID=606115,gl,24,1,MLB-NL,Milwaukee,4,11,10,2,2,0,0,0,0,1,0,1,0,0,0,0,0,0,.200,.273,.200,.473
25,Nolan Arenado\redirect.fcgi?player=1&mlb_ID=571448,gl,28,1,MLB-NL,Colorado,3,12,11,1,3,1,0,1,5,1,1,2,0,0,0,0,0,0,.273,.333,.636,.970
26,Luis Arraez\redirect.fcgi?player=1&mlb_ID=650333,gl,22,1,MLB-AL,Minnesota,4,18,16,2,5,0,0,0,1,2,0,3,0,0,0,0,0,0,.313,.389,.313,.701
27,Humberto Arteaga\redirect.fcgi?player=1&mlb_ID=600858,gl,25,1,MLB-AL,Kansas City,3,12,11,0,0,0,0,0,1,0,0,2,1,0,0,0,0,0,.000,.083,.000,.083
28,Tyler Austin\redirect.fcgi?player=1&mlb_ID=592122,gl,27,3,MLB-NL,San Francisco,2,4,4,0,0,0,0,0,0,0,0,3,0,0,0,0,0,0,.000,.000,.000,.000
29,Alex Avila\redirect.fcgi?player=1&mlb_ID=488671,gl,32,1,MLB-NL,Arizona,2,7,6,1,1,0,0,1,2,1,0,1,0,0,0,2,0,0,.167,.286,.667,.952
30,Harrison Bader\redirect.fcgi?player=1&mlb_ID=664056,gl,25,1,MLB-NL,St. Louis,4,7,6,1,0,0,0,0,0,1,0,3,0,0,0,0,1,0,.000,.143,.000,.143
31,Javier Baez\redirect.fcgi?player=1&mlb_ID=595879,gl,26,1,MLB-NL,Chicago,4,18,18,6,6,2,0,1,3,0,0,5,0,0,0,0,2,0,.333,.333,.611,.944
32,Austin Barnes\redirect.fcgi?player=1&mlb_ID=605131,gl,29,3,MLB-NL,Los Angeles,2,8,7,2,1,1,0,0,2,1,0,1,0,0,0,0,0,0,.143,.250,.286,.536
33,Franklin Barreto\redirect.fcgi?player=1&mlb_ID=620439,gl,23,1,MLB-AL,Oakland,4,8,8,1,0,0,0,0,0,0,0,3,0,0,0,0,0,0,.000,.000,.000,.000
34,Jake Bauers\redirect.fcgi?player=1&mlb_ID=641343,gl,23,1,MLB-AL,Cleveland,4,17,14,2,1,1,0,0,0,2,0,4,1,0,0,0,0,0,.071,.235,.143,.378
35,Matt Beaty\redirect.fcgi?player=1&mlb_ID=607461,gl,26,1,MLB-NL,Los Angeles,3,6,5,1,1,0,0,1,3,1,0,2,0,0,0,0,0,0,.200,.333,.800,1.133
36,Gordon Beckham\redirect.fcgi?player=1&mlb_ID=493596,gl,32,3,MLB-AL,Detroit,1,4,4,0,1,0,0,0,0,0,0,3,0,0,0,0,0,0,.250,.250,.250,.500
37,Tim Beckham\redirect.fcgi?player=1&mlb_ID=542921,gl,29,1,MLB-AL,Seattle,4,17,14,2,5,2,0,0,0,3,0,4,0,0,0,0,0,0,.357,.471,.500,.971
38,Josh Bell\redirect.fcgi?player=1&mlb_ID=605137,gl,26,1,MLB-NL,Pittsburgh,4,18,13,1,3,2,0,0,2,4,1,3,1,0,0,0,0,0,.231,.444,.385,.829
39,Cody Bellinger\redirect.fcgi?player=1&mlb_ID=641355,gl,23,1,MLB-NL,Los Angeles,2,9,6,3,2,1,0,0,0,3,0,2,0,0,0,0,0,0,.333,.556,.500,1.056
40,Brandon Belt\redirect.fcgi?player=1&mlb_ID=474832,gl,31,1,MLB-NL,San Francisco,4,16,13,0,4,0,0,0,0,3,1,3,0,0,0,0,0,0,.308,.438,.308,.745
41,Andrew Benintendi\redirect.fcgi?player=1&mlb_ID=643217,gl,24,1,MLB-AL,Boston,4,18,16,3,5,1,0,1,3,2,0,4,0,0,0,0,0,0,.313,.389,.563,.951
42,Mookie Betts\redirect.fcgi?player=1&mlb_ID=605141,gl,26,1,MLB-AL,Boston,4,20,18,3,4,1,0,1,3,2,0,4,0,0,0,0,1,0,.222,.300,.444,.744
43,Cavan Biggio\redirect.fcgi?player=1&mlb_ID=624415,gl,24,1,MLB-AL,Toronto,3,12,10,0,0,0,0,0,0,2,0,4,0,0,0,0,0,0,.000,.167,.000,.167
44,Charlie Blackmon\redirect.fcgi?player=1&mlb_ID=453568,gl,32,1,MLB-NL,Colorado,3,13,13,4,6,2,0,1,1,0,0,2,0,0,0,0,0,0,.462,.462,.846,1.308
45,Xander Bogaerts\redirect.fcgi?player=1&mlb_ID=593428,gl,26,1,MLB-AL,Boston,4,19,15,4,5,2,0,0,2,4,0,4,0,0,0,0,0,0,.333,.474,.467,.940
46,David Bote\redirect.fcgi?player=1&mlb_ID=623520,gl,26,1,MLB-NL,Chicago,3,8,8,1,3,1,0,0,0,0,0,3,0,0,0,1,0,0,.375,.375,.500,.875
47,Jackie Bradley Jr.\redirect.fcgi?player=1&mlb_ID=598265,gl,29,1,MLB-AL,Boston,4,16,14,2,2,0,0,2,7,1,0,2,1,0,0,0,0,0,.143,.250,.571,.821
48,Michael Brantley\redirect.fcgi?player=1&mlb_ID=488726,gl,32,1,MLB-AL,Houston,4,17,15,5,8,2,0,2,4,2,0,2,0,0,0,0,0,0,.533,.588,1.067,1.655
49,Ryan Braun\redirect.fcgi?player=1&mlb_ID=460075,gl,35,1,MLB-NL,Milwaukee,3,10,8,2,2,1,0,0,1,1,0,2,0,0,0,0,0,0,.250,.333,.375,.708
50,Alex Bregman\redirect.fcgi?player=1&mlb_ID=608324,gl,25,1,MLB-AL,Houston,4,16,14,2,1,0,0,0,1,2,0,3,0,0,0,1,0,0,.071,.188,.071,.259
51,Aaron Brooks\redirect.fcgi?player=1&mlb_ID=605156,gl,29,2,MLB-AL,Baltimore,1,2,1,0,0,0,0,0,0,0,0,1,0,1,0,0,0,0,.000,.000,.000,.000
52,Mike Brosseau\redirect.fcgi?player=1&mlb_ID=670712,gl,25,1,MLB-AL,Tampa Bay,3,8,8,0,2,0,0,0,0,0,0,2,0,0,0,0,0,0,.250,.250,.250,.500
53,Keon Broxton\redirect.fcgi?player=1&mlb_ID=542979,gl,29,4,MLB-AL,Baltimore,1,1,1,0,0,0,0,0,0,0,0,0,0,0,0,0,0,0,.000,.000,.000,.000
54,Kris Bryant\redirect.fcgi?player=1&mlb_ID=592178,gl,27,1,MLB-NL,Chicago,4,18,17,3,6,2,0,0,2,1,0,8,0,0,0,0,1,0,.353,.389,.471,.859
55,Walker Buehler\redirect.fcgi?player=1&mlb_ID=621111,gl,24,3,MLB-NL,Los Angeles,1,3,2,1,0,0,0,0,0,1,0,2,0,0,0,0,0,0,.000,.333,.000,.333
56,Madison Bumgarner\redirect.fcgi?player=1&mlb_ID=518516,gl,29,1,MLB-NL,San Francisco,1,2,2,0,0,0,0,0,0,0,0,2,0,0,0,0,0,0,.000,.000,.000,.000
57,Dylan Bundy\redirect.fcgi?player=1&mlb_ID=605164,gl,26,1,MLB-AL,Baltimore,1,2,2,0,0,0,0,0,0,0,0,2,0,0,0,0,0,0,.000,.000,.000,.000
58,Asdrubal Cabrera\redirect.fcgi?player=1&mlb_ID=452678,gl,33,1,MLB-AL,Texas,3,11,10,0,1,0,0,0,1,0,0,3,0,0,1,0,0,0,.100,.091,.100,.191
59,Melky Cabrera\redirect.fcgi?player=1&mlb_ID=466320,gl,34,1,MLB-NL,Pittsburgh,4,8,8,0,3,0,0,0,1,0,0,0,0,0,0,1,0,0,.375,.375,.375,.750
60,Miguel Cabrera\redirect.fcgi?player=1&mlb_ID=408234,gl,36,1,MLB-AL,Detroit,2,10,9,0,0,0,0,0,0,0,0,2,1,0,0,1,0,0,.000,.100,.000,.100
61,Lorenzo Cain\redirect.fcgi?player=1&mlb_ID=456715,gl,33,1,MLB-NL,Milwaukee,4,16,13,1,4,1,0,0,1,3,0,4,0,0,0,0,0,1,.308,.438,.385,.822
62,Kole Calhoun\redirect.fcgi?player=1&mlb_ID=594777,gl,31,1,MLB-AL,Los Angeles,2,9,8,3,3,2,0,1,2,1,0,2,0,0,0,1,0,0,.375,.444,1.000,1.444
63,Johan Camargo\redirect.fcgi?player=1&mlb_ID=622666,gl,25,4,MLB-NL,Atlanta,1,1,1,0,0,0,0,0,0,0,0,0,0,0,0,0,0,0,.000,.000,.000,.000
64,Jeimer Candelario\redirect.fcgi?player=1&mlb_ID=600869,gl,25,1,MLB-AL,Detroit,3,14,11,1,1,1,0,0,1,2,0,3,1,0,0,0,0,0,.091,.286,.182,.468
65,Mark Canha\redirect.fcgi?player=1&mlb_ID=592192,gl,30,1,MLB-AL,Oakland,4,19,16,2,3,1,0,1,3,1,0,3,2,0,0,0,0,0,.188,.316,.438,.753
66,Robinson Cano\redirect.fcgi?player=1&mlb_ID=429664,gl,36,1,MLB-NL,New York,3,10,10,4,5,0,0,3,5,0,0,1,0,0,0,0,0,0,.500,.500,1.400,1.900
67,Victor Caratini\redirect.fcgi?player=1&mlb_ID=605170,gl,25,1,MLB-NL,Chicago,4,11,9,0,2,0,0,0,1,2,0,1,0,0,0,0,0,0,.222,.364,.222,.586
68,Nicholas Castellanos\redirect.fcgi?player=1&mlb_ID=592206,gl,27,1,MLB-AL,Detroit,3,15,15,2,6,4,0,1,2,0,0,4,0,0,0,0,0,0,.400,.400,.867,1.267
69,Luis Castillo\redirect.fcgi?player=1&mlb_ID=622491,gl,26,4,MLB-NL,Cincinnati,1,1,1,0,0,0,0,0,0,0,0,1,0,0,0,0,0,0,.000,.000,.000,.000
70,Welington Castillo\redirect.fcgi?player=1&mlb_ID=456078,gl,32,1,MLB-AL,Chicago,3,12,12,0,0,0,0,0,0,0,0,2,0,0,0,1,0,0,.000,.000,.000,.000
71,Harold Castro\redirect.fcgi?player=1&mlb_ID=605612,gl,25,1,MLB-AL,Detroit,3,16,16,2,2,1,0,0,0,0,0,6,0,0,0,1,0,0,.125,.125,.188,.313
72,Jason Castro\redirect.fcgi?player=1&mlb_ID=488771,gl,32,1,MLB-AL,Minnesota,2,9,7,3,2,0,0,0,1,2,0,3,0,0,0,0,0,0,.286,.444,.286,.730
73,Starlin Castro\redirect.fcgi?player=1&mlb_ID=516770,gl,29,1,MLB-NL,Miami,4,15,14,2,3,1,0,1,2,0,0,2,1,0,0,0,0,0,.214,.267,.500,.767
74,Jake Cave\redirect.fcgi?player=1&mlb_ID=595909,gl,26,4,MLB-AL,Minnesota,1,0,0,0,0,0,0,0,0,0,0,0,0,0,0,0,0,0,,,,
75,Matt Chapman\redirect.fcgi?player=1&mlb_ID=656305,gl,26,1,MLB-AL,Oakland,4,17,15,2,4,2,0,0,0,2,0,6,0,0,0,0,0,0,.267,.353,.400,.753
76,Michael Chavis\redirect.fcgi?player=1&mlb_ID=656308,gl,23,1,MLB-AL,Boston,2,4,4,1,0,0,0,0,0,0,0,1,0,0,0,0,0,0,.000,.000,.000,.000
77,Robinson Chirinos\redirect.fcgi?player=1&mlb_ID=455139,gl,35,1,MLB-AL,Houston,3,9,7,2,4,1,0,0,0,2,0,2,0,0,0,0,0,0,.571,.667,.714,1.381
78,Ji-Man Choi\redirect.fcgi?player=1&mlb_ID=596847,gl,28,1,MLB-AL,Tampa Bay,3,11,10,0,2,0,0,0,1,1,0,2,0,0,0,0,0,0,.200,.273,.200,.473
79,Shin-Soo Choo\redirect.fcgi?player=1&mlb_ID=425783,gl,36,1,MLB-AL,Texas,4,18,17,2,4,0,0,2,3,0,0,4,1,0,0,0,0,0,.235,.278,.588,.866
80,Michael Conforto\redirect.fcgi?player=1&mlb_ID=624424,gl,26,1,MLB-NL,New York,3,14,13,1,2,0,0,1,1,0,0,3,1,0,0,0,0,0,.154,.214,.385,.599
81,Garrett Cooper\redirect.fcgi?player=1&mlb_ID=643265,gl,28,1,MLB-NL,Miami,4,16,15,1,3,0,0,0,0,1,0,6,0,0,0,1,0,0,.200,.250,.200,.450
82,Ryan Cordell\redirect.fcgi?player=1&mlb_ID=641477,gl,27,3,MLB-AL,Chicago,2,4,4,0,0,0,0,0,0,0,0,3,0,0,0,0,0,0,.000,.000,.000,.000
83,Brandon Crawford\redirect.fcgi?player=1&mlb_ID=543063,gl,32,1,MLB-NL,San Francisco,4,17,17,1,4,0,0,0,2,0,0,4,0,0,0,0,0,0,.235,.235,.235,.471
84,J.P. Crawford\redirect.fcgi?player=1&mlb_ID=641487,gl,24,1,MLB-AL,Seattle,4,16,13,1,3,2,0,0,2,2,0,2,0,1,0,0,1,0,.231,.333,.385,.718
85,C.J. Cron\redirect.fcgi?player=1&mlb_ID=543068,gl,29,4,MLB-AL,Minnesota,1,3,3,0,1,0,0,0,0,0,0,0,0,0,0,0,0,0,.333,.333,.333,.667
86,Nelson Cruz\redirect.fcgi?player=1&mlb_ID=443558,gl,38,1,MLB-AL,Minnesota,4,19,16,4,4,0,0,3,4,1,0,3,1,0,0,1,0,0,.250,.333,.813,1.146
87,Charlie Culberson\redirect.fcgi?player=1&mlb_ID=518586,gl,30,1,MLB-NL,Atlanta,2,2,2,0,1,0,0,0,1,0,0,0,0,0,0,0,0,0,.500,.500,.500,1.000
88,Cheslor Cuthbert\redirect.fcgi?player=1&mlb_ID=596144,gl,26,1,MLB-AL,Kansas City,3,12,12,0,3,1,0,0,2,0,0,4,0,0,0,0,0,0,.250,.250,.333,.583
89,Travis d'Arnaud\redirect.fcgi?player=1&mlb_ID=518595,gl,30,1,MLB-AL,Tampa Bay,3,13,11,3,4,1,0,2,7,2,0,3,0,0,0,0,0,0,.364,.462,1.000,1.462
90,David Dahl\redirect.fcgi?player=1&mlb_ID=621311,gl,25,1,MLB-NL,Colorado,3,13,10,1,2,0,0,0,2,2,0,5,1,0,0,0,1,0,.200,.385,.200,.585
91,Yu Darvish\redirect.fcgi?player=1&mlb_ID=506433,gl,32,1,MLB-NL,Chicago,1,2,2,0,0,0,0,0,0,0,0,1,0,0,0,0,0,0,.000,.000,.000,.000
92,Zach Davies\redirect.fcgi?player=1&mlb_ID=605200,gl,26,1,MLB-NL,Milwaukee,2,1,1,1,0,0,0,0,0,0,0,0,0,0,0,0,0,0,.000,.000,.000,.000
93,Chris Davis\redirect.fcgi?player=1&mlb_ID=448801,gl,33,1,MLB-AL,Baltimore,4,13,13,0,3,1,0,0,2,0,0,7,0,0,0,0,0,0,.231,.231,.308,.538
94,J.D. Davis\redirect.fcgi?player=1&mlb_ID=605204,gl,26,1,MLB-NL,New York,3,11,11,1,5,1,0,0,1,0,0,3,0,0,0,0,0,0,.455,.455,.545,1.000
95,Khris Davis\redirect.fcgi?player=1&mlb_ID=501981,gl,31,1,MLB-AL,Oakland,4,18,16,1,1,0,0,0,2,2,0,5,0,0,0,1,0,0,.063,.167,.063,.229
96,Paul DeJong\redirect.fcgi?player=1&mlb_ID=657557,gl,25,1,MLB-NL,St. Louis,4,16,14,2,2,2,0,0,0,2,0,5,0,0,0,1,0,1,.143,.250,.286,.536
97,Daniel Descalso\redirect.fcgi?player=1&mlb_ID=518614,gl,32,1,MLB-NL,Chicago,2,3,2,0,0,0,0,0,0,1,0,0,0,0,0,0,0,0,.000,.333,.000,.333
98,Anthony DeSclafani\redirect.fcgi?player=1&mlb_ID=543101,gl,29,3,MLB-NL,Cincinnati,1,2,2,0,1,0,0,0,0,0,0,1,0,0,0,0,0,0,.500,.500,.500,1.000
99,Delino DeShields\redirect.fcgi?player=1&mlb_ID=592261,gl,26,1,MLB-AL,Texas,2,4,4,0,1,0,0,0,0,0,0,2,0,0,0,0,0,0,.250,.250,.250,.500
100,Ian Desmond\redirect.fcgi?player=1&mlb_ID=435622,gl,33,1,MLB-NL,Colorado,3,13,11,1,2,0,0,0,1,2,0,1,0,0,0,1,1,0,.182,.308,.182,.490
101,Rafael Devers\redirect.fcgi?player=1&mlb_ID=646240,gl,22,1,MLB-AL,Boston,4,19,18,6,6,2,1,1,4,1,0,2,0,0,0,0,0,0,.333,.368,.722,1.091
102,Aledmys Diaz\redirect.fcgi?player=1&mlb_ID=649557,gl,28,1,MLB-AL,Houston,2,9,7,2,1,0,0,1,4,0,0,0,1,0,1,0,0,0,.143,.222,.571,.794
103,Elias Diaz\redirect.fcgi?player=1&mlb_ID=553869,gl,28,1,MLB-NL,Pittsburgh,4,12,12,1,2,0,0,0,0,0,0,4,0,0,0,0,0,0,.167,.167,.167,.333
104,Yandy Diaz\redirect.fcgi?player=1&mlb_ID=650490,gl,27,2,MLB-AL,Tampa Bay,3,12,10,1,1,0,0,0,1,2,0,2,0,0,0,1,0,0,.100,.250,.100,.350
105,Alex Dickerson\redirect.fcgi?player=1&mlb_ID=543105,gl,29,1,MLB-NL,San Francisco,3,10,10,3,3,1,0,2,3,0,0,1,0,0,0,3,0,0,.300,.300,1.000,1.300
106,Corey Dickerson\redirect.fcgi?player=1&mlb_ID=572816,gl,30,1,MLB-NL,Pittsburgh,4,13,12,1,4,3,0,0,0,1,1,1,0,0,0,0,0,0,.333,.385,.583,.968
107,Derek Dietrich\redirect.fcgi?player=1&mlb_ID=518618,gl,29,1,MLB-NL,Cincinnati,4,6,4,0,0,0,0,0,0,1,0,3,1,0,0,0,0,0,.000,.333,.000,.333
108,Brandon Dixon\redirect.fcgi?player=1&mlb_ID=641525,gl,27,1,MLB-AL,Detroit,3,9,9,2,6,2,0,0,1,0,0,1,0,0,0,0,0,0,.667,.667,.889,1.556
109,Josh Donaldson\redirect.fcgi?player=1&mlb_ID=518626,gl,33,1,MLB-NL,Atlanta,3,14,11,1,4,1,0,1,4,1,0,3,2,0,0,0,0,0,.364,.500,.727,1.227
110,Sean Doolittle\redirect.fcgi?player=1&mlb_ID=448281,gl,32,4,MLB-NL,Washington,1,1,1,0,0,0,0,0,0,0,0,0,0,0,0,1,0,0,.000,.000,.000,.000
111,Brian Dozier\redirect.fcgi?player=1&mlb_ID=572821,gl,32,1,MLB-NL,Washington,3,12,11,2,3,1,0,0,0,1,0,4,0,0,0,0,0,0,.273,.333,.364,.697
112,Hunter Dozier\redirect.fcgi?player=1&mlb_ID=641531,gl,27,1,MLB-AL,Kansas City,3,12,9,3,2,0,0,1,1,3,0,3,0,0,0,0,0,0,.222,.417,.556,.972
113,Brandon Drury\redirect.fcgi?player=1&mlb_ID=592273,gl,26,3,MLB-AL,Toronto,2,8,8,1,1,0,0,1,2,0,0,1,0,0,0,0,0,0,.125,.125,.500,.625
114,Lucas Duda\redirect.fcgi?player=1&mlb_ID=446263,gl,33,1,MLB-AL,Kansas City,2,5,5,1,2,1,0,1,1,0,0,1,0,0,0,0,0,0,.400,.400,1.200,1.600
115,Danny Duffy\redirect.fcgi?player=1&mlb_ID=518633,gl,30,1,MLB-AL,Kansas City,1,2,2,0,0,0,0,0,0,0,0,1,0,0,0,0,0,0,.000,.000,.000,.000
116,Matt Duffy\redirect.fcgi?player=1&mlb_ID=622110,gl,28,1,MLB-AL,Tampa Bay,1,4,3,0,2,1,0,0,0,1,0,1,0,0,0,0,0,0,.667,.750,1.000,1.750
117,Jarrod Dyson\redirect.fcgi?player=1&mlb_ID=502481,gl,34,1,MLB-NL,Arizona,3,12,11,0,1,0,0,0,0,1,0,3,0,0,0,0,1,0,.091,.167,.091,.258
118,Adam Eaton\redirect.fcgi?player=1&mlb_ID=594809,gl,30,1,MLB-NL,Washington,3,14,13,3,5,2,0,0,1,1,0,3,0,0,0,0,1,0,.385,.429,.538,.967
119,Tommy Edman\redirect.fcgi?player=1&mlb_ID=669242,gl,24,1,MLB-NL,St. Louis,4,17,16,1,5,2,0,0,0,1,0,4,0,0,0,0,0,0,.313,.353,.438,.790
120,Zach Eflin\redirect.fcgi?player=1&mlb_ID=621107,gl,25,4,MLB-NL,Philadelphia,1,1,1,0,0,0,0,0,0,0,0,1,0,0,0,0,0,0,.000,.000,.000,.000
121,Edwin Encarnacion\redirect.fcgi?player=1&mlb_ID=429665,gl,36,1,MLB-AL,New York,4,20,18,2,6,2,0,0,4,2,0,5,0,0,0,0,0,0,.333,.400,.444,.844
122,Adam Engel\redirect.fcgi?player=1&mlb_ID=641553,gl,27,1,MLB-AL,Chicago,4,13,11,1,4,0,0,0,1,2,0,3,0,0,0,0,1,0,.364,.462,.364,.825
123,Phil Ervin\redirect.fcgi?player=1&mlb_ID=640447,gl,26,1,MLB-NL,Cincinnati,3,8,6,2,3,0,1,1,4,2,0,2,0,0,0,0,1,0,.500,.625,1.333,1.958
124,Eduardo Escobar\redirect.fcgi?player=1&mlb_ID=500871,gl,30,1,MLB-NL,Arizona,4,18,17,2,5,0,2,0,2,1,0,3,0,0,0,0,1,0,.294,.333,.529,.863
125,Tim Federowicz\redirect.fcgi?player=1&mlb_ID=543148,gl,31,1,MLB-AL,Texas,3,9,9,0,1,0,0,0,1,0,0,1,0,0,0,0,0,0,.111,.111,.111,.222
126,Jack Flaherty\redirect.fcgi?player=1&mlb_ID=656427,gl,23,3,MLB-NL,St. Louis,1,2,2,0,0,0,0,0,0,0,0,2,0,0,0,0,0,0,.000,.000,.000,.000
127,David Fletcher\redirect.fcgi?player=1&mlb_ID=664058,gl,25,1,MLB-AL,Los Angeles,3,15,14,1,4,0,0,0,2,1,0,3,0,0,0,1,1,0,.286,.333,.286,.619
128,Wilmer Flores\redirect.fcgi?player=1&mlb_ID=527038,gl,27,1,MLB-NL,Arizona,3,6,5,0,0,0,0,0,0,1,0,2,0,0,0,1,0,0,.000,.167,.000,.167
129,Tyler Flowers\redirect.fcgi?player=1&mlb_ID=452095,gl,33,1,MLB-NL,Atlanta,2,4,3,0,0,0,0,0,0,0,0,1,1,0,0,0,0,0,.000,.250,.000,.250
130,Logan Forsythe\redirect.fcgi?player=1&mlb_ID=523253,gl,32,1,MLB-AL,Texas,3,9,9,2,2,0,0,1,1,0,0,1,0,0,0,0,0,0,.222,.222,.556,.778
131,Dexter Fowler\redirect.fcgi?player=1&mlb_ID=451594,gl,33,2,MLB-NL,St. Louis,3,12,11,1,3,1,0,0,0,0,0,5,1,0,0,0,1,0,.273,.333,.364,.697
132,Maikel Franco\redirect.fcgi?player=1&mlb_ID=596748,gl,26,1,MLB-NL,Philadelphia,3,9,7,0,2,1,0,0,0,2,1,1,0,0,0,0,0,0,.286,.444,.429,.873
133,Adam Frazier\redirect.fcgi?player=1&mlb_ID=624428,gl,27,1,MLB-NL,Pittsburgh,4,17,13,1,4,1,0,0,0,3,0,1,1,0,0,0,0,0,.308,.471,.385,.855
134,Todd Frazier\redirect.fcgi?player=1&mlb_ID=453943,gl,33,1,MLB-NL,New York,3,14,13,3,3,0,1,1,1,1,0,6,0,0,0,0,0,0,.231,.286,.615,.901
135,Freddie Freeman\redirect.fcgi?player=1&mlb_ID=518692,gl,29,1,MLB-NL,Atlanta,3,15,15,2,7,1,0,0,3,0,0,4,0,0,0,0,1,0,.467,.467,.533,1.000
136,Mike Freeman\redirect.fcgi?player=1&mlb_ID=502273,gl,31,1,MLB-AL,Cleveland,2,8,7,0,0,0,0,0,0,0,0,2,0,1,0,0,0,0,.000,.000,.000,.000
137,David Freese\redirect.fcgi?player=1&mlb_ID=501896,gl,36,1,MLB-NL,Los Angeles,2,2,2,0,0,0,0,0,0,0,0,1,0,0,0,1,0,0,.000,.000,.000,.000
138,Cam Gallagher\redirect.fcgi?player=1&mlb_ID=595956,gl,26,1,MLB-AL,Kansas City,3,11,11,0,2,2,0,0,0,0,0,8,0,0,0,0,0,1,.182,.182,.364,.545
139,Joey Gallo\redirect.fcgi?player=1&mlb_ID=608336,gl,25,1,MLB-AL,Texas,3,11,11,1,1,0,0,0,0,0,0,7,0,0,0,0,0,0,.091,.091,.091,.182
140,Freddy Galvis\redirect.fcgi?player=1&mlb_ID=520471,gl,29,1,MLB-AL,Toronto,4,18,18,2,5,1,0,0,0,0,0,4,0,0,0,1,0,0,.278,.278,.333,.611
141,Ben Gamel\redirect.fcgi?player=1&mlb_ID=592325,gl,27,1,MLB-NL,Milwaukee,4,11,9,2,1,0,0,0,1,2,0,6,0,0,0,0,0,0,.111,.273,.111,.384
142,Avisail Garcia\redirect.fcgi?player=1&mlb_ID=541645,gl,28,1,MLB-AL,Tampa Bay,4,16,13,2,2,0,0,1,1,3,0,4,0,0,0,0,0,0,.154,.313,.385,.697
143,Greg Garcia\redirect.fcgi?player=1&mlb_ID=594824,gl,29,1,MLB-NL,San Diego,3,3,2,0,0,0,0,0,1,0,0,0,1,0,0,0,0,0,.000,.333,.000,.333
144,Leury Garcia\redirect.fcgi?player=1&mlb_ID=544725,gl,28,1,MLB-AL,Chicago,4,17,16,1,2,0,0,0,0,1,0,8,0,0,0,0,2,0,.125,.176,.125,.301
145,Robel Garcia\redirect.fcgi?player=1&mlb_ID=596825,gl,26,1,MLB-NL,Chicago,4,16,15,1,2,0,1,1,2,1,0,6,0,0,0,1,0,0,.133,.188,.467,.654
146,Brett Gardner\redirect.fcgi?player=1&mlb_ID=458731,gl,35,4,MLB-AL,New York,1,4,3,1,0,0,0,0,0,1,0,2,0,0,0,0,0,0,.000,.250,.000,.250
147,Dustin Garneau\redirect.fcgi?player=1&mlb_ID=572863,gl,31,1,MLB-AL,Los Angeles,2,8,7,2,2,0,0,1,1,0,0,1,1,0,0,0,0,0,.286,.375,.714,1.089
148,Mitch Garver\redirect.fcgi?player=1&mlb_ID=641598,gl,28,1,MLB-AL,Minnesota,3,11,7,4,4,0,0,3,3,4,0,0,0,0,0,1,0,0,.571,.727,1.857,2.584
149,Kevin Gausman\redirect.fcgi?player=1&mlb_ID=592332,gl,28,3,MLB-NL,Atlanta,1,3,3,0,0,0,0,0,0,0,0,1,0,0,0,1,0,0,.000,.000,.000,.000
150,Scooter Gennett\redirect.fcgi?player=1&mlb_ID=571697,gl,29,1,MLB-NL,Cincinnati,3,9,8,1,3,0,0,0,1,0,0,3,0,0,1,0,0,0,.375,.333,.375,.708
151,Ryan Goins\redirect.fcgi?player=1&mlb_ID=572365,gl,31,1,MLB-AL,Chicago,4,11,10,2,4,1,0,1,1,1,0,2,0,0,0,0,0,0,.400,.455,.800,1.255
152,Paul Goldschmidt\redirect.fcgi?player=1&mlb_ID=502671,gl,31,1,MLB-NL,St. Louis,4,13,12,2,2,0,0,2,6,1,0,5,0,0,0,1,0,0,.167,.231,.667,.897
153,Yan Gomes\redirect.fcgi?player=1&mlb_ID=543228,gl,31,1,MLB-NL,Washington,1,4,3,1,2,0,0,0,1,1,0,0,0,0,0,0,0,0,.667,.750,.667,1.417
154,Gio Gonzalez\redirect.fcgi?player=1&mlb_ID=461829,gl,33,4,MLB-NL,Milwaukee,1,2,2,0,0,0,0,0,0,0,0,2,0,0,0,0,0,0,.000,.000,.000,.000
155,Marwin Gonzalez\redirect.fcgi?player=1&mlb_ID=503556,gl,30,1,MLB-AL,Minnesota,4,19,14,1,2,0,0,0,0,4,0,2,1,0,0,0,0,0,.143,.368,.143,.511
156,Niko Goodrum\redirect.fcgi?player=1&mlb_ID=592348,gl,27,1,MLB-AL,Detroit,3,14,13,1,3,1,0,1,2,1,1,9,0,0,0,0,0,0,.231,.286,.538,.824
157,Brian Goodwin\redirect.fcgi?player=1&mlb_ID=571718,gl,28,1,MLB-AL,Los Angeles,3,5,5,1,3,1,0,1,2,0,0,1,0,0,0,0,0,0,.600,.600,1.400,2.000
158,Alex Gordon\redirect.fcgi?player=1&mlb_ID=460086,gl,35,1,MLB-AL,Kansas City,3,12,12,2,4,1,0,1,2,0,0,2,0,0,0,0,0,0,.333,.333,.667,1.000
159,Dee Gordon\redirect.fcgi?player=1&mlb_ID=543829,gl,31,2,MLB-AL,Seattle,3,8,6,0,4,0,0,0,1,0,0,0,0,1,1,0,0,0,.667,.571,.667,1.238
160,Yasmani Grandal\redirect.fcgi?player=1&mlb_ID=518735,gl,30,1,MLB-NL,Milwaukee,4,14,14,1,5,2,0,0,2,0,0,2,0,0,0,1,0,0,.357,.357,.500,.857
161,Curtis Granderson\redirect.fcgi?player=1&mlb_ID=434158,gl,38,1,MLB-NL,Miami,4,14,12,2,2,1,0,1,2,1,0,5,1,0,0,0,0,0,.167,.286,.500,.786
162,Juan Graterol\redirect.fcgi?player=1&mlb_ID=492802,gl,30,2,MLB-NL,Cincinnati,2,7,7,1,1,0,0,0,0,0,0,0,0,0,0,0,0,0,.143,.143,.143,.286
163,Sonny Gray\redirect.fcgi?player=1&mlb_ID=543243,gl,29,2,MLB-NL,Cincinnati,1,2,1,0,1,0,0,0,0,0,0,0,0,1,0,0,0,0,1.000,1.000,1.000,2.000
164,Zach Green\redirect.fcgi?player=1&mlb_ID=608339,gl,25,1,MLB-NL,San Francisco,3,5,5,0,2,1,0,0,1,0,0,3,0,0,0,0,0,0,.400,.400,.600,1.000
165,Didi Gregorius\redirect.fcgi?player=1&mlb_ID=544369,gl,29,1,MLB-AL,New York,4,15,14,4,7,3,0,1,8,1,0,1,0,0,0,0,0,0,.500,.533,.929,1.462
166,Zack Greinke\redirect.fcgi?player=1&mlb_ID=425844,gl,35,4,MLB-NL,Arizona,1,2,2,0,1,1,0,0,1,0,0,0,0,0,0,0,0,0,.500,.500,1.000,1.500
167,Randal Grichuk\redirect.fcgi?player=1&mlb_ID=545341,gl,27,1,MLB-AL,Toronto,4,15,14,1,2,0,0,0,0,1,0,3,0,0,0,2,0,0,.143,.200,.143,.343
168,Robbie Grossman\redirect.fcgi?player=1&mlb_ID=543257,gl,29,1,MLB-AL,Oakland,4,13,11,1,3,1,0,0,0,2,0,1,0,0,0,0,0,0,.273,.385,.364,.748
169,Vladimir Guerrero Jr.\redirect.fcgi?player=1&mlb_ID=665489,gl,20,1,MLB-AL,Toronto,4,15,13,1,6,1,0,1,4,2,0,2,0,0,0,0,0,0,.462,.533,.769,1.303
170,Lourdes Gurriel Jr.\redirect.fcgi?player=1&mlb_ID=666971,gl,25,1,MLB-AL,Toronto,4,15,14,2,4,2,0,1,4,1,0,2,0,0,0,0,0,0,.286,.333,.643,.976
171,Yuli Gurriel\redirect.fcgi?player=1&mlb_ID=493329,gl,35,1,MLB-AL,Houston,4,15,15,3,7,1,0,3,8,0,0,3,0,0,0,0,0,0,.467,.467,1.133,1.600
172,Ronald Guzman\redirect.fcgi?player=1&mlb_ID=608597,gl,24,2,MLB-AL,Texas,3,8,6,0,0,0,0,0,0,2,0,2,0,0,0,0,0,0,.000,.250,.000,.250
173,Billy Hamilton\redirect.fcgi?player=1&mlb_ID=571740,gl,28,1,MLB-AL,Kansas City,2,4,4,0,0,0,0,0,0,0,0,1,0,0,0,0,0,0,.000,.000,.000,.000
174,Garrett Hampson\redirect.fcgi?player=1&mlb_ID=641658,gl,24,1,MLB-NL,Colorado,2,3,2,0,1,0,0,0,0,1,0,1,0,0,0,0,0,0,.500,.667,.500,1.167
175,Bryce Harper\redirect.fcgi?player=1&mlb_ID=547180,gl,26,1,MLB-NL,Philadelphia,3,16,14,1,2,2,0,0,0,2,0,6,0,0,0,1,0,0,.143,.250,.286,.536
176,Adam Haseley\redirect.fcgi?player=1&mlb_ID=656514,gl,23,1,MLB-NL,Philadelphia,3,13,13,1,2,0,0,0,1,0,0,4,0,0,0,0,0,0,.154,.154,.154,.308
177,Adeiny Hechavarria\redirect.fcgi?player=1&mlb_ID=588751,gl,30,3,MLB-NL,New York,2,6,5,0,0,0,0,0,0,1,0,1,0,0,0,0,0,0,.000,.167,.000,.167
178,Austin Hedges\redirect.fcgi?player=1&mlb_ID=595978,gl,26,4,MLB-NL,San Diego,1,3,2,0,1,0,0,0,0,1,0,0,0,0,0,0,0,0,.500,.667,.500,1.167
179,Kyle Hendricks\redirect.fcgi?player=1&mlb_ID=543294,gl,29,1,MLB-NL,Chicago,2,3,3,0,1,0,0,0,0,0,0,2,0,0,0,0,0,0,.333,.333,.333,.667
180,Guillermo Heredia\redirect.fcgi?player=1&mlb_ID=628338,gl,28,1,MLB-AL,Tampa Bay,2,7,6,1,2,0,0,0,0,1,0,0,0,0,0,0,0,0,.333,.429,.333,.762
181,Cesar Hernandez\redirect.fcgi?player=1&mlb_ID=514917,gl,29,1,MLB-NL,Philadelphia,3,15,15,0,2,0,0,0,1,0,0,1,0,0,0,0,0,0,.133,.133,.133,.267
182,Enrique Hernandez\redirect.fcgi?player=1&mlb_ID=571771,gl,27,1,MLB-NL,Los Angeles,3,7,7,1,4,1,0,0,1,0,0,0,0,0,0,0,0,0,.571,.571,.714,1.286
183,Marco Hernandez\redirect.fcgi?player=1&mlb_ID=593523,gl,26,2,MLB-AL,Boston,3,9,8,2,3,0,0,0,0,0,0,1,1,0,0,1,0,0,.375,.444,.375,.819
184,Teoscar Hernandez\redirect.fcgi?player=1&mlb_ID=606192,gl,26,1,MLB-AL,Toronto,3,12,11,1,4,1,0,0,0,1,0,4,0,0,0,0,0,0,.364,.417,.455,.871
185,Chris Herrmann\redirect.fcgi?player=1&mlb_ID=543302,gl,31,2,MLB-AL,Oakland,3,5,5,0,3,1,0,0,1,0,0,1,0,0,0,1,0,0,.600,.600,.800,1.400
186,Jason Heyward\redirect.fcgi?player=1&mlb_ID=518792,gl,29,1,MLB-NL,Chicago,4,14,13,1,2,1,0,0,1,1,0,3,0,0,0,0,0,0,.154,.214,.231,.445
187,Aaron Hicks\redirect.fcgi?player=1&mlb_ID=543305,gl,29,1,MLB-AL,New York,4,20,17,4,4,0,0,2,5,3,0,7,0,0,0,0,0,0,.235,.350,.588,.938
188,John Hicks\redirect.fcgi?player=1&mlb_ID=543308,gl,29,1,MLB-AL,Detroit,2,10,10,1,1,0,0,1,2,0,0,4,0,0,0,1,0,0,.100,.100,.400,.500
189,Keston Hiura\redirect.fcgi?player=1&mlb_ID=669374,gl,22,1,MLB-NL,Milwaukee,4,15,14,2,5,2,1,0,2,1,0,7,0,0,0,0,0,0,.357,.400,.643,1.043
190,Bryan Holaday\redirect.fcgi?player=1&mlb_ID=592407,gl,31,4,MLB-NL,Miami,1,4,4,1,1,0,0,0,0,0,0,0,0,0,0,0,0,0,.250,.250,.250,.500
191,Brock Holt\redirect.fcgi?player=1&mlb_ID=571788,gl,31,1,MLB-AL,Boston,3,10,8,1,1,1,0,0,0,1,0,2,1,0,0,0,0,0,.125,.300,.250,.550
192,Rhys Hoskins\redirect.fcgi?player=1&mlb_ID=656555,gl,26,1,MLB-NL,Philadelphia,3,16,13,1,4,0,0,1,2,2,0,2,1,0,0,0,0,0,.308,.438,.538,.976
193,Eric Hosmer\redirect.fcgi?player=1&mlb_ID=543333,gl,29,1,MLB-NL,San Diego,3,12,11,1,3,1,0,0,0,1,0,1,0,0,0,0,0,0,.273,.333,.364,.697
194,Dakota Hudson\redirect.fcgi?player=1&mlb_ID=641712,gl,24,1,MLB-NL,St. Louis,1,3,3,0,1,0,0,0,0,0,0,0,0,0,0,0,0,0,.333,.333,.333,.667
195,Chris Iannetta\redirect.fcgi?player=1&mlb_ID=455104,gl,36,1,MLB-NL,Colorado,2,9,6,3,0,0,0,0,0,3,0,4,0,0,0,0,0,0,.000,.333,.000,.333
196,Jose Iglesias\redirect.fcgi?player=1&mlb_ID=578428,gl,29,1,MLB-NL,Cincinnati,4,13,13,1,3,0,0,0,1,0,0,2,0,0,0,0,1,0,.231,.231,.231,.462
197,Ender Inciarte\redirect.fcgi?player=1&mlb_ID=542255,gl,28,3,MLB-NL,Atlanta,2,4,2,1,0,0,0,0,0,2,0,1,0,0,0,0,1,0,.000,.500,.000,.500
198,Danny Jansen\redirect.fcgi?player=1&mlb_ID=643376,gl,24,1,MLB-AL,Toronto,4,9,8,1,0,0,0,0,0,0,0,2,1,0,0,0,0,0,.000,.111,.000,.111
199,Jon Jay\redirect.fcgi?player=1&mlb_ID=445055,gl,34,1,MLB-AL,Chicago,3,11,11,2,3,1,0,0,1,0,0,0,0,0,0,0,0,0,.273,.273,.364,.636
200,Adam Jones\redirect.fcgi?player=1&mlb_ID=430945,gl,33,1,MLB-NL,Arizona,4,14,13,1,3,1,0,0,1,1,1,4,0,0,0,0,0,0,.231,.286,.308,.593
201,JaCoby Jones\redirect.fcgi?player=1&mlb_ID=592444,gl,27,1,MLB-AL,Detroit,3,16,14,2,2,0,0,1,1,2,0,3,0,0,0,1,0,0,.143,.250,.357,.607
202,Matthew Joyce\redirect.fcgi?player=1&mlb_ID=459964,gl,34,1,MLB-NL,Atlanta,2,2,1,0,0,0,0,0,0,1,0,0,0,0,0,0,0,0,.000,.500,.000,.500
203,Aaron Judge\redirect.fcgi?player=1&mlb_ID=592450,gl,27,1,MLB-AL,New York,4,19,14,3,6,3,0,0,3,5,0,6,0,0,0,2,0,0,.429,.579,.643,1.222
204,Jung Ho Kang\redirect.fcgi?player=1&mlb_ID=628356,gl,32,2,MLB-NL,Pittsburgh,2,4,4,1,1,0,0,1,2,0,0,3,0,0,0,0,0,0,.250,.250,1.000,1.250
205,Carson Kelly\redirect.fcgi?player=1&mlb_ID=608348,gl,24,2,MLB-NL,Arizona,3,9,8,1,1,1,0,0,2,1,0,3,0,0,0,0,0,0,.125,.222,.250,.472
206,Merrill Kelly\redirect.fcgi?player=1&mlb_ID=518876,gl,30,1,MLB-NL,Arizona,1,1,1,0,1,0,0,0,2,0,0,0,0,0,0,0,0,0,1.000,1.000,1.000,2.000
207,Tony Kemp\redirect.fcgi?player=1&mlb_ID=643393,gl,27,1,MLB-AL,Houston,3,7,7,1,1,0,0,1,1,0,0,1,0,0,0,0,0,0,.143,.143,.571,.714
208,Howie Kendrick\redirect.fcgi?player=1&mlb_ID=435062,gl,35,4,MLB-NL,Washington,1,1,1,0,0,0,0,0,0,0,0,0,0,0,0,0,0,0,.000,.000,.000,.000
209,Max Kepler\redirect.fcgi?player=1&mlb_ID=596146,gl,26,1,MLB-AL,Minnesota,4,21,19,3,7,1,0,2,5,2,0,1,0,0,0,1,0,1,.368,.429,.737,1.165
210,Clayton Kershaw\redirect.fcgi?player=1&mlb_ID=477132,gl,31,4,MLB-NL,Los Angeles,1,2,2,0,1,0,0,0,1,0,0,0,0,0,0,0,0,0,.500,.500,.500,1.000
211,Dallas Keuchel\redirect.fcgi?player=1&mlb_ID=572971,gl,31,1,MLB-NL,Atlanta,1,2,2,0,1,1,0,0,0,0,0,1,0,0,0,0,0,0,.500,.500,1.000,1.500
212,Kevin Kiermaier\redirect.fcgi?player=1&mlb_ID=595281,gl,29,4,MLB-AL,Tampa Bay,1,1,1,0,1,0,0,0,0,0,0,0,0,0,0,0,0,0,1.000,1.000,1.000,2.000
213,Scott Kingery\redirect.fcgi?player=1&mlb_ID=664068,gl,25,1,MLB-NL,Philadelphia,3,16,14,1,1,0,1,0,0,2,0,6,0,0,0,0,0,0,.071,.188,.214,.402
214,Jason Kipnis\redirect.fcgi?player=1&mlb_ID=543401,gl,32,1,MLB-AL,Cleveland,4,17,15,2,4,1,0,0,1,2,0,3,0,0,0,0,0,0,.267,.353,.333,.686
215,Andrew Knapp\redirect.fcgi?player=1&mlb_ID=595284,gl,27,3,MLB-NL,Philadelphia,1,4,3,0,0,0,0,0,0,0,0,1,1,0,0,0,0,0,.000,.250,.000,.250
216,Andrew Knizner\redirect.fcgi?player=1&mlb_ID=668800,gl,24,2,MLB-NL,St. Louis,2,5,5,1,1,0,0,0,0,0,0,2,0,0,0,0,1,0,.200,.200,.200,.400
217,Juan Lagares\redirect.fcgi?player=1&mlb_ID=501571,gl,30,1,MLB-NL,New York,3,1,1,0,0,0,0,0,0,0,0,0,0,0,0,0,0,0,.000,.000,.000,.000
218,Jake Lamb\redirect.fcgi?player=1&mlb_ID=571875,gl,28,1,MLB-NL,Arizona,4,12,11,2,3,1,0,0,1,1,0,4,0,0,0,0,0,0,.273,.333,.364,.697
219,Peter Lambert\redirect.fcgi?player=1&mlb_ID=663567,gl,22,1,MLB-NL,Colorado,1,2,1,0,0,0,0,0,0,1,0,1,0,0,0,0,0,0,.000,.500,.000,.500
220,Ramon Laureano\redirect.fcgi?player=1&mlb_ID=657656,gl,24,1,MLB-AL,Oakland,4,18,17,2,5,2,0,1,2,1,0,7,0,0,0,0,0,0,.294,.333,.588,.922
221,Ryan Lavarnway\redirect.fcgi?player=1&mlb_ID=543432,gl,31,1,MLB-NL,Cincinnati,2,9,9,1,2,1,0,0,1,0,0,3,0,0,0,0,0,0,.222,.222,.333,.556
222,DJ LeMahieu\redirect.fcgi?player=1&mlb_ID=518934,gl,30,1,MLB-AL,New York,4,15,13,5,7,1,0,2,3,2,0,0,0,0,0,0,0,0,.538,.600,1.077,1.677
223,Sandy Leon\redirect.fcgi?player=1&mlb_ID=506702,gl,30,1,MLB-AL,Boston,2,5,5,1,1,0,0,1,1,0,0,1,0,0,0,0,0,0,.200,.200,.800,1.000
224,Francisco Lindor\redirect.fcgi?player=1&mlb_ID=596019,gl,25,1,MLB-AL,Cleveland,4,19,17,1,6,0,0,1,5,1,0,2,0,1,0,0,0,0,.353,.389,.529,.918
225,Tim Locastro\redirect.fcgi?player=1&mlb_ID=641796,gl,26,3,MLB-NL,Arizona,2,8,7,0,2,1,0,0,0,0,0,1,0,1,0,0,0,0,.286,.286,.429,.714
226,Walker Lockett\redirect.fcgi?player=1&mlb_ID=621141,gl,25,4,MLB-NL,New York,1,2,2,0,0,0,0,0,0,0,0,2,0,0,0,0,0,0,.000,.000,.000,.000
227,Nicky Lopez\redirect.fcgi?player=1&mlb_ID=670032,gl,24,1,MLB-AL,Kansas City,2,8,8,0,0,0,0,0,0,0,0,2,0,0,0,1,0,0,.000,.000,.000,.000
228,Michael Lorenzen\redirect.fcgi?player=1&mlb_ID=547179,gl,27,2,MLB-NL,Cincinnati,1,0,0,0,0,0,0,0,0,0,0,0,0,0,0,0,0,0,,,,
229,Nate Lowe\redirect.fcgi?player=1&mlb_ID=663993,gl,23,1,MLB-AL,Tampa Bay,4,10,9,0,0,0,0,0,0,1,0,5,0,0,0,0,0,0,.000,.100,.000,.100
230,Joey Lucchesi\redirect.fcgi?player=1&mlb_ID=664192,gl,26,4,MLB-NL,San Diego,1,2,1,0,0,0,0,0,0,0,0,1,0,1,0,0,0,0,.000,.000,.000,.000
231,Jordan Luplow\redirect.fcgi?player=1&mlb_ID=656669,gl,25,1,MLB-AL,Cleveland,2,5,3,0,0,0,0,0,0,2,0,1,0,0,0,0,0,0,.000,.400,.000,.400
232,Manny Machado\redirect.fcgi?player=1&mlb_ID=592518,gl,26,1,MLB-NL,San Diego,3,13,11,1,1,0,0,1,2,2,0,3,0,0,0,1,1,0,.091,.231,.364,.594
233,Kenta Maeda\redirect.fcgi?player=1&mlb_ID=628317,gl,31,1,MLB-NL,Los Angeles,1,1,1,0,1,0,0,0,0,0,0,0,0,0,0,0,0,0,1.000,1.000,1.000,2.000
234,Luke Maile\redirect.fcgi?player=1&mlb_ID=571912,gl,28,1,MLB-AL,Toronto,2,4,4,0,0,0,0,0,0,0,0,1,0,0,0,0,0,0,.000,.000,.000,.000
235,Martin Maldonado\redirect.fcgi?player=1&mlb_ID=455117,gl,32,2,MLB-NL,Chicago,2,5,4,0,0,0,0,0,0,1,1,3,0,0,0,0,0,0,.000,.200,.000,.200
236,Trey Mancini\redirect.fcgi?player=1&mlb_ID=641820,gl,27,1,MLB-AL,Baltimore,4,16,15,4,5,2,0,2,4,1,0,6,0,0,0,1,0,0,.333,.375,.867,1.242
237,Manuel Margot\redirect.fcgi?player=1&mlb_ID=622534,gl,24,1,MLB-NL,San Diego,3,15,13,1,3,2,0,0,0,2,0,2,0,0,0,0,1,0,.231,.333,.385,.718
238,Jake Marisnick\redirect.fcgi?player=1&mlb_ID=545350,gl,28,1,MLB-AL,Houston,3,7,6,0,0,0,0,0,0,1,0,4,0,0,0,0,0,0,.000,.143,.000,.143
239,Nick Markakis\redirect.fcgi?player=1&mlb_ID=455976,gl,35,1,MLB-NL,Atlanta,3,13,11,0,2,0,0,0,2,2,0,1,0,0,0,0,1,0,.182,.308,.182,.490
240,Ketel Marte\redirect.fcgi?player=1&mlb_ID=606466,gl,25,1,MLB-NL,Arizona,4,18,15,4,6,1,1,0,0,3,0,4,0,0,0,0,1,0,.400,.500,.600,1.100
241,Starling Marte\redirect.fcgi?player=1&mlb_ID=516782,gl,30,1,MLB-NL,Pittsburgh,4,19,17,5,8,3,0,1,4,1,0,0,1,0,0,0,0,0,.471,.526,.824,1.350
242,Richie Martin\redirect.fcgi?player=1&mlb_ID=621006,gl,24,1,MLB-AL,Baltimore,4,7,7,1,4,1,0,0,1,0,0,0,0,0,0,0,0,0,.571,.571,.714,1.286
243,Russell Martin\redirect.fcgi?player=1&mlb_ID=431145,gl,36,1,MLB-NL,Los Angeles,3,6,6,0,2,0,0,0,2,0,0,1,0,0,0,0,0,0,.333,.333,.333,.667
244,J.D. Martinez\redirect.fcgi?player=1&mlb_ID=502110,gl,31,1,MLB-AL,Boston,4,19,18,4,8,2,0,1,6,1,0,4,0,0,0,0,0,0,.444,.474,.722,1.196
245,Jose Martinez\redirect.fcgi?player=1&mlb_ID=500874,gl,30,1,MLB-NL,St. Louis,4,10,8,2,2,0,0,1,2,2,0,3,0,0,0,0,0,0,.250,.400,.625,1.025
246,Nick Martini\redirect.fcgi?player=1&mlb_ID=605361,gl,29,2,MLB-AL,Oakland,1,2,2,0,0,0,0,0,0,0,0,1,0,0,0,0,0,0,.000,.000,.000,.000
247,Jeff Mathis\redirect.fcgi?player=1&mlb_ID=425772,gl,36,3,MLB-AL,Texas,1,3,2,1,0,0,0,0,0,1,0,2,0,0,0,0,0,0,.000,.333,.000,.333
248,Steven Matz\redirect.fcgi?player=1&mlb_ID=571927,gl,28,3,MLB-NL,New York,1,2,1,0,0,0,0,0,0,0,0,1,0,1,0,0,0,0,.000,.000,.000,.000
249,Nomar Mazara\redirect.fcgi?player=1&mlb_ID=608577,gl,24,1,MLB-AL,Texas,3,12,11,2,2,0,0,2,2,1,0,2,0,0,0,0,0,0,.182,.250,.727,.977
250,Brian McCann\redirect.fcgi?player=1&mlb_ID=435263,gl,35,3,MLB-NL,Atlanta,2,8,8,1,4,0,0,1,2,0,0,3,0,0,0,0,0,0,.500,.500,.875,1.375
251,James McCann\redirect.fcgi?player=1&mlb_ID=543510,gl,29,2,MLB-AL,Chicago,3,13,13,2,3,0,0,2,2,0,0,7,0,0,0,1,0,0,.231,.231,.692,.923
252,Billy McKinney\redirect.fcgi?player=1&mlb_ID=641856,gl,24,1,MLB-AL,Toronto,3,7,7,1,1,0,0,1,2,0,0,4,0,0,0,0,0,0,.143,.143,.571,.714
253,Ryan McMahon\redirect.fcgi?player=1&mlb_ID=641857,gl,24,1,MLB-NL,Colorado,3,12,11,0,1,0,0,0,0,1,0,3,0,0,0,0,1,0,.091,.167,.091,.258
254,Jeff McNeil\redirect.fcgi?player=1&mlb_ID=643446,gl,27,1,MLB-NL,New York,3,14,13,2,4,0,0,1,2,0,0,5,1,0,0,0,0,0,.308,.357,.538,.896
255,Austin Meadows\redirect.fcgi?player=1&mlb_ID=640457,gl,24,1,MLB-AL,Tampa Bay,4,16,14,1,4,2,0,0,1,2,0,4,0,0,0,0,0,0,.286,.375,.429,.804
256,Francisco Mejia\redirect.fcgi?player=1&mlb_ID=642336,gl,23,1,MLB-NL,San Diego,3,8,6,2,3,0,0,1,1,2,0,1,0,0,0,0,0,0,.500,.625,1.000,1.625
257,Conner Menez\redirect.fcgi?player=1&mlb_ID=669214,gl,24,3,MLB-NL,San Francisco,1,2,2,0,0,0,0,0,0,0,0,0,0,0,0,0,0,0,.000,.000,.000,.000
258,Oscar Mercado\redirect.fcgi?player=1&mlb_ID=640458,gl,24,1,MLB-AL,Cleveland,4,18,17,2,4,1,1,1,3,1,0,6,0,0,0,0,0,0,.235,.278,.588,.866
259,Jordy Mercer\redirect.fcgi?player=1&mlb_ID=474568,gl,32,1,MLB-AL,Detroit,2,9,8,0,2,0,0,0,0,0,0,0,1,0,0,0,0,0,.250,.333,.250,.583
260,Whit Merrifield\redirect.fcgi?player=1&mlb_ID=593160,gl,30,1,MLB-AL,Kansas City,3,14,13,2,2,0,0,0,0,1,0,3,0,0,0,0,0,0,.154,.214,.154,.368
261,Miles Mikolas\redirect.fcgi?player=1&mlb_ID=571945,gl,30,4,MLB-NL,St. Louis,1,2,2,0,1,1,0,0,0,0,0,0,0,0,0,0,0,0,.500,.500,1.000,1.500
262,Brad Miller\redirect.fcgi?player=1&mlb_ID=543543,gl,29,1,MLB-NL,Philadelphia,3,8,7,1,0,0,0,0,0,1,0,2,0,0,0,1,0,0,.000,.125,.000,.125
263,Alec Mills\redirect.fcgi?player=1&mlb_ID=621219,gl,27,2,MLB-NL,Chicago,1,2,2,0,0,0,0,0,0,0,0,1,0,0,0,0,0,0,.000,.000,.000,.000
264,Yoan Moncada\redirect.fcgi?player=1&mlb_ID=660162,gl,24,1,MLB-AL,Chicago,4,17,15,2,2,0,0,1,4,2,0,7,0,0,0,0,1,0,.133,.235,.333,.569
265,Dylan Moore\redirect.fcgi?player=1&mlb_ID=664238,gl,26,1,MLB-AL,Seattle,4,7,7,1,3,0,0,0,0,0,0,4,0,0,0,0,0,0,.429,.429,.429,.857
266,Colin Moran\redirect.fcgi?player=1&mlb_ID=592567,gl,26,1,MLB-NL,Pittsburgh,4,14,13,0,2,1,0,0,2,0,0,7,1,0,0,1,0,0,.154,.214,.231,.445
267,Adrian Morejon\redirect.fcgi?player=1&mlb_ID=670970,gl,20,3,MLB-NL,San Diego,1,1,1,0,0,0,0,0,0,0,0,1,0,0,0,0,0,0,.000,.000,.000,.000
268,Mitch Moreland\redirect.fcgi?player=1&mlb_ID=519048,gl,33,1,MLB-AL,Boston,1,2,2,0,0,0,0,0,0,0,0,0,0,0,0,0,0,0,.000,.000,.000,.000
269,Mike Moustakas\redirect.fcgi?player=1&mlb_ID=519058,gl,30,1,MLB-NL,Milwaukee,4,19,17,3,4,0,0,1,4,2,1,2,0,0,0,0,0,0,.235,.316,.412,.728
270,Max Muncy\redirect.fcgi?player=1&mlb_ID=571970,gl,28,1,MLB-NL,Los Angeles,3,14,10,3,3,1,0,1,4,3,0,4,0,0,1,0,0,0,.300,.429,.700,1.129
271,Yairo Munoz\redirect.fcgi?player=1&mlb_ID=622168,gl,24,1,MLB-NL,St. Louis,4,13,12,2,3,0,1,1,2,1,0,5,0,0,0,1,1,0,.250,.308,.667,.974
272,Daniel Murphy\redirect.fcgi?player=1&mlb_ID=502517,gl,34,1,MLB-NL,Colorado,3,13,13,2,2,1,0,0,0,0,0,2,0,0,0,0,0,0,.154,.154,.231,.385
273,Tom Murphy\redirect.fcgi?player=1&mlb_ID=608596,gl,28,3,MLB-AL,Seattle,1,5,5,0,1,1,0,0,0,0,0,2,0,0,0,0,0,0,.200,.200,.400,.600
274,Joe Musgrove\redirect.fcgi?player=1&mlb_ID=605397,gl,26,2,MLB-NL,Pittsburgh,2,2,2,1,1,1,0,0,0,0,0,0,0,0,0,0,0,0,.500,.500,1.000,1.500
275,Wil Myers\redirect.fcgi?player=1&mlb_ID=571976,gl,28,1,MLB-NL,San Diego,3,7,6,0,1,0,0,0,0,1,0,1,0,0,0,0,0,1,.167,.286,.167,.452
276,Tyler Naquin\redirect.fcgi?player=1&mlb_ID=571980,gl,28,2,MLB-AL,Cleveland,3,10,10,1,2,1,0,0,0,0,0,3,0,0,0,0,0,0,.200,.200,.300,.500
277,Omar Narvaez\redirect.fcgi?player=1&mlb_ID=553882,gl,27,1,MLB-AL,Seattle,4,17,16,2,5,0,0,0,2,1,0,4,0,0,0,1,0,0,.313,.353,.313,.665
278,Josh Naylor\redirect.fcgi?player=1&mlb_ID=647304,gl,22,4,MLB-NL,San Diego,1,1,1,0,0,0,0,0,0,0,0,0,0,0,0,0,0,0,.000,.000,.000,.000
279,Kristopher Negron\redirect.fcgi?player=1&mlb_ID=502117,gl,33,1,MLB-AL,Seattle,3,5,5,1,3,0,0,0,0,0,0,1,0,0,0,0,0,0,.600,.600,.600,1.200
280,Kevin Newman\redirect.fcgi?player=1&mlb_ID=621028,gl,25,1,MLB-NL,Pittsburgh,4,18,15,1,4,1,0,0,0,2,0,2,0,1,0,0,0,2,.267,.353,.333,.686
281,Tomas Nido\redirect.fcgi?player=1&mlb_ID=621512,gl,25,4,MLB-NL,New York,1,1,1,0,0,0,0,0,0,0,0,0,0,0,0,1,0,0,.000,.000,.000,.000
282,Austin Nola\redirect.fcgi?player=1&mlb_ID=543592,gl,29,1,MLB-AL,Seattle,4,15,13,3,4,0,0,1,3,1,0,3,1,0,0,0,0,0,.308,.400,.538,.938
283,Renato Nunez\redirect.fcgi?player=1&mlb_ID=600524,gl,25,1,MLB-AL,Baltimore,4,17,14,4,5,0,0,3,6,2,0,4,1,0,0,0,0,0,.357,.471,1.000,1.471
284,Tyler O'Neill\redirect.fcgi?player=1&mlb_ID=641933,gl,24,1,MLB-NL,St. Louis,4,17,17,1,1,0,0,0,0,0,0,7,0,0,0,0,1,0,.059,.059,.059,.118
285,Rougned Odor\redirect.fcgi?player=1&mlb_ID=596059,gl,25,1,MLB-AL,Texas,4,15,15,5,6,0,0,3,4,0,0,4,0,0,0,0,0,0,.400,.400,1.000,1.400
286,Shohei Ohtani\redirect.fcgi?player=1&mlb_ID=660271,gl,24,1,MLB-AL,Los Angeles,3,11,11,1,4,1,0,0,1,0,0,3,0,0,0,0,1,0,.364,.364,.455,.818
287,Matt Olson\redirect.fcgi?player=1&mlb_ID=621566,gl,25,1,MLB-AL,Oakland,4,17,14,2,4,0,0,1,3,2,0,7,1,0,0,1,0,0,.286,.412,.500,.912
288,Jose Osuna\redirect.fcgi?player=1&mlb_ID=591741,gl,26,1,MLB-NL,Pittsburgh,4,6,6,0,1,0,0,0,0,0,0,0,0,0,0,0,0,0,.167,.167,.167,.333
289,Chris Paddack\redirect.fcgi?player=1&mlb_ID=663978,gl,23,1,MLB-NL,San Diego,1,2,2,0,0,0,0,0,0,0,0,0,0,0,0,0,0,0,.000,.000,.000,.000
290,Joe Panik\redirect.fcgi?player=1&mlb_ID=605412,gl,28,1,MLB-NL,San Francisco,4,11,11,1,4,1,0,0,2,0,0,1,0,0,0,0,0,0,.364,.364,.455,.818
291,Gerardo Parra\redirect.fcgi?player=1&mlb_ID=467827,gl,32,1,MLB-NL,Washington,2,2,2,1,2,0,0,0,3,0,0,0,0,0,0,0,0,0,1.000,1.000,1.000,2.000
292,Joc Pederson\redirect.fcgi?player=1&mlb_ID=592626,gl,27,1,MLB-NL,Los Angeles,3,12,12,3,4,0,0,2,4,0,0,3,0,0,0,0,0,0,.333,.333,.833,1.167
293,Felix Pena\redirect.fcgi?player=1&mlb_ID=570240,gl,29,1,MLB-AL,Los Angeles,1,1,1,0,0,0,0,0,0,0,0,0,0,0,0,0,0,0,.000,.000,.000,.000
294,Hunter Pence\redirect.fcgi?player=1&mlb_ID=452254,gl,36,1,MLB-AL,Texas,4,12,12,0,3,1,0,0,1,0,0,3,0,0,0,0,0,0,.250,.250,.333,.583
295,Freddy Peralta\redirect.fcgi?player=1&mlb_ID=642547,gl,23,2,MLB-NL,Milwaukee,1,0,0,0,0,0,0,0,0,0,0,0,0,0,0,0,0,0,,,,
296,Jose Peraza\redirect.fcgi?player=1&mlb_ID=606299,gl,25,1,MLB-NL,Cincinnati,4,13,13,0,3,0,0,0,2,0,0,4,0,0,0,1,0,0,.231,.231,.231,.462
297,Roberto Perez\redirect.fcgi?player=1&mlb_ID=547379,gl,30,1,MLB-AL,Cleveland,3,12,11,0,2,1,0,0,1,1,0,3,0,0,0,0,0,0,.182,.250,.273,.523
298,Tommy Pham\redirect.fcgi?player=1&mlb_ID=502054,gl,31,1,MLB-AL,Tampa Bay,4,19,18,0,3,2,0,0,2,1,0,4,0,0,0,2,0,0,.167,.211,.278,.488
299,Josh Phegley\redirect.fcgi?player=1&mlb_ID=572033,gl,31,1,MLB-AL,Oakland,4,12,10,1,2,0,0,1,3,1,0,3,0,0,1,0,0,0,.200,.250,.500,.750
300,Kevin Pillar\redirect.fcgi?player=1&mlb_ID=607680,gl,30,1,MLB-NL,San Francisco,4,17,16,1,3,2,0,0,2,0,0,4,1,0,0,1,0,0,.188,.235,.313,.548
301,Manny Pina\redirect.fcgi?player=1&mlb_ID=444489,gl,32,1,MLB-NL,Milwaukee,3,6,6,1,2,0,0,1,4,0,0,3,0,0,0,0,0,0,.333,.333,.833,1.167
302,Chad Pinder\redirect.fcgi?player=1&mlb_ID=640461,gl,27,1,MLB-AL,Oakland,4,7,6,0,1,0,0,0,1,0,0,1,0,0,1,0,0,0,.167,.143,.167,.310
303,Kevin Plawecki\redirect.fcgi?player=1&mlb_ID=608700,gl,28,1,MLB-AL,Cleveland,2,4,4,2,1,0,0,0,1,0,0,0,0,0,0,0,0,0,.250,.250,.250,.500
304,Jorge Polanco\redirect.fcgi?player=1&mlb_ID=593871,gl,25,1,MLB-AL,Minnesota,4,19,15,4,7,2,0,2,5,3,0,1,0,0,1,1,0,0,.467,.526,1.000,1.526
305,A.J. Pollock\redirect.fcgi?player=1&mlb_ID=572041,gl,31,1,MLB-NL,Los Angeles,3,12,12,2,4,0,0,1,4,0,0,3,0,0,0,0,1,0,.333,.333,.583,.917
306,Daniel Ponce de Leon\redirect.fcgi?player=1&mlb_ID=594965,gl,27,2,MLB-NL,St. Louis,1,1,1,0,0,0,0,0,0,0,0,1,0,0,0,0,0,0,.000,.000,.000,.000
307,Buster Posey\redirect.fcgi?player=1&mlb_ID=457763,gl,32,1,MLB-NL,San Francisco,4,16,13,2,3,1,0,0,0,1,0,2,2,0,0,0,0,0,.231,.375,.308,.683
308,Martin Prado\redirect.fcgi?player=1&mlb_ID=445988,gl,35,4,MLB-NL,Miami,1,3,3,0,1,0,0,0,0,0,0,1,0,0,0,0,0,0,.333,.333,.333,.667
309,Jurickson Profar\redirect.fcgi?player=1&mlb_ID=595777,gl,26,1,MLB-AL,Oakland,4,7,6,1,1,0,0,0,0,1,0,1,0,0,0,0,0,0,.167,.286,.167,.452
310,Cesar Puello\redirect.fcgi?player=1&mlb_ID=527049,gl,28,1,MLB-NL,Miami,4,12,12,0,0,0,0,0,0,0,0,7,0,0,0,0,0,0,.000,.000,.000,.000
311,Yasiel Puig\redirect.fcgi?player=1&mlb_ID=624577,gl,28,1,MLB-NL,Cincinnati,4,16,13,4,3,2,0,0,1,3,0,3,0,0,0,1,0,1,.231,.375,.385,.760
312,Albert Pujols\redirect.fcgi?player=1&mlb_ID=405395,gl,39,1,MLB-AL,Los Angeles,3,13,11,2,4,1,0,1,3,1,0,4,0,0,1,0,0,0,.364,.385,.727,1.112
313,Cal Quantrill\redirect.fcgi?player=1&mlb_ID=615698,gl,24,3,MLB-NL,San Diego,1,2,1,0,0,0,0,0,0,0,0,0,0,1,0,0,0,0,.000,.000,.000,.000
314,Roman Quinn\redirect.fcgi?player=1&mlb_ID=596451,gl,26,1,MLB-NL,Philadelphia,2,7,6,1,2,1,0,1,2,0,0,2,0,1,0,0,0,0,.333,.333,1.000,1.333
315,Jose Quintana\redirect.fcgi?player=1&mlb_ID=500779,gl,30,4,MLB-NL,Chicago,1,2,2,0,0,0,0,0,0,0,0,1,0,0,0,0,0,0,.000,.000,.000,.000
316,Harold Ramirez\redirect.fcgi?player=1&mlb_ID=623912,gl,24,1,MLB-NL,Miami,4,13,13,1,2,0,0,1,2,0,0,4,0,0,0,0,0,0,.154,.154,.385,.538
317,Jose Ramirez\redirect.fcgi?player=1&mlb_ID=608070,gl,26,1,MLB-AL,Cleveland,4,17,15,2,4,2,0,1,2,1,0,2,0,0,1,0,1,1,.267,.294,.600,.894
318,Wilson Ramos\redirect.fcgi?player=1&mlb_ID=467092,gl,31,1,MLB-NL,New York,3,13,13,0,2,0,0,0,0,0,0,1,0,0,0,0,0,0,.154,.154,.154,.308
319,Rangel Ravelo\redirect.fcgi?player=1&mlb_ID=592660,gl,27,2,MLB-NL,St. Louis,2,5,5,0,0,0,0,0,0,0,0,3,0,0,0,0,0,0,.000,.000,.000,.000
320,Robbie Ray\redirect.fcgi?player=1&mlb_ID=592662,gl,27,2,MLB-NL,Arizona,1,3,3,0,1,0,0,0,0,0,0,0,0,0,0,0,0,0,.333,.333,.333,.667
321,J.T. Realmuto\redirect.fcgi?player=1&mlb_ID=592663,gl,28,1,MLB-NL,Philadelphia,3,12,12,0,1,0,0,0,0,0,0,7,0,0,0,0,0,0,.083,.083,.083,.167
322,Josh Reddick\redirect.fcgi?player=1&mlb_ID=502210,gl,32,1,MLB-AL,Houston,4,17,15,2,3,1,0,0,0,2,0,2,0,0,0,0,0,0,.200,.294,.267,.561
323,AJ Reed\redirect.fcgi?player=1&mlb_ID=607223,gl,26,1,MLB-AL,Chicago,2,7,7,0,1,0,0,0,0,0,0,4,0,0,0,0,0,0,.143,.143,.143,.286
324,Anthony Rendon\redirect.fcgi?player=1&mlb_ID=543685,gl,29,1,MLB-NL,Washington,3,14,12,1,3,1,0,0,3,1,1,1,1,0,0,0,0,0,.250,.357,.333,.690
325,Hunter Renfroe\redirect.fcgi?player=1&mlb_ID=592669,gl,27,1,MLB-NL,San Diego,3,12,10,2,2,1,0,1,2,1,0,3,0,0,1,1,0,0,.200,.250,.600,.850
326,Luis Rengifo\redirect.fcgi?player=1&mlb_ID=650859,gl,22,1,MLB-AL,Los Angeles,3,12,11,3,3,1,1,0,1,1,0,3,0,0,0,0,0,0,.273,.333,.545,.879
327,Franmil Reyes\redirect.fcgi?player=1&mlb_ID=614177,gl,23,1,MLB-NL,San Diego,2,7,6,0,0,0,0,0,0,1,0,5,0,0,0,0,0,0,.000,.143,.000,.143
328,Bryan Reynolds\redirect.fcgi?player=1&mlb_ID=668804,gl,24,1,MLB-NL,Pittsburgh,4,19,17,2,3,1,0,0,2,2,0,7,0,0,0,1,0,0,.176,.263,.235,.498
329,Austin Riley\redirect.fcgi?player=1&mlb_ID=663586,gl,22,1,MLB-NL,Atlanta,2,9,9,0,1,0,0,0,0,0,0,6,0,0,0,0,0,0,.111,.111,.111,.222
330,Yadiel Rivera\redirect.fcgi?player=1&mlb_ID=592680,gl,27,1,MLB-NL,Miami,4,12,11,1,1,0,0,0,0,1,0,4,0,0,0,0,0,0,.091,.167,.091,.258
331,Anthony Rizzo\redirect.fcgi?player=1&mlb_ID=519203,gl,29,1,MLB-NL,Chicago,4,18,16,1,5,2,0,0,4,0,0,3,2,0,0,1,0,0,.313,.389,.438,.826
332,Tanner Roark\redirect.fcgi?player=1&mlb_ID=543699,gl,32,1,MLB-NL,Cincinnati,1,2,2,0,0,0,0,0,0,0,0,2,0,0,0,0,0,0,.000,.000,.000,.000
333,Victor Robles\redirect.fcgi?player=1&mlb_ID=645302,gl,22,1,MLB-NL,Washington,3,12,12,1,1,0,0,0,1,0,0,3,0,0,0,0,1,0,.083,.083,.083,.167
334,Miguel Rojas\redirect.fcgi?player=1&mlb_ID=500743,gl,30,3,MLB-NL,Miami,2,3,3,0,1,0,0,0,0,0,0,1,0,0,0,0,0,0,.333,.333,.333,.667
335,Austin Romine\redirect.fcgi?player=1&mlb_ID=519222,gl,30,1,MLB-AL,New York,2,6,6,2,3,0,0,0,1,0,0,1,0,0,0,0,1,0,.500,.500,.500,1.000
336,Jose Rondon\redirect.fcgi?player=1&mlb_ID=602922,gl,25,3,MLB-AL,Chicago,2,4,4,0,0,0,0,0,0,0,0,1,0,0,0,0,0,0,.000,.000,.000,.000
337,Amed Rosario\redirect.fcgi?player=1&mlb_ID=642708,gl,23,1,MLB-NL,New York,3,13,12,3,5,0,0,1,1,1,0,0,0,0,0,0,1,0,.417,.462,.667,1.128
338,Eddie Rosario\redirect.fcgi?player=1&mlb_ID=592696,gl,27,1,MLB-AL,Minnesota,4,16,15,2,4,1,0,0,2,1,1,2,0,0,0,0,0,0,.267,.313,.333,.646
339,Joe Ross\redirect.fcgi?player=1&mlb_ID=605452,gl,26,3,MLB-NL,Washington,1,2,2,0,1,0,0,0,0,0,0,1,0,0,0,0,0,0,.500,.500,.500,1.000
340,Rio Ruiz\redirect.fcgi?player=1&mlb_ID=547004,gl,25,1,MLB-AL,Baltimore,4,9,9,0,2,0,0,0,0,0,0,4,0,0,0,0,0,1,.222,.222,.222,.444
341,Addison Russell\redirect.fcgi?player=1&mlb_ID=608365,gl,25,1,MLB-NL,Chicago,3,6,5,0,2,0,0,0,0,1,0,1,0,0,0,1,0,0,.400,.500,.400,.900
342,Casey Sadler\redirect.fcgi?player=1&mlb_ID=594987,gl,28,3,MLB-NL,Los Angeles,1,1,1,0,0,0,0,0,0,0,0,0,0,0,0,0,0,0,.000,.000,.000,.000
343,Tyler Saladino\redirect.fcgi?player=1&mlb_ID=573135,gl,29,1,MLB-NL,Milwaukee,4,16,12,3,3,0,0,2,8,3,0,5,1,0,0,0,1,0,.250,.438,.750,1.188
344,Jeff Samardzija\redirect.fcgi?player=1&mlb_ID=502188,gl,34,4,MLB-NL,San Francisco,1,1,1,0,0,0,0,0,0,0,0,1,0,0,0,0,0,0,.000,.000,.000,.000
345,Anibal Sanchez\redirect.fcgi?player=1&mlb_ID=434671,gl,35,4,MLB-NL,Washington,1,3,3,1,1,0,0,0,0,0,0,1,0,0,0,1,0,0,.333,.333,.333,.667
346,Gary Sanchez\redirect.fcgi?player=1&mlb_ID=596142,gl,26,1,MLB-AL,New York,3,14,14,0,0,0,0,0,0,0,0,2,0,0,0,2,0,0,.000,.000,.000,.000
347,Yolmer Sanchez\redirect.fcgi?player=1&mlb_ID=570560,gl,27,1,MLB-AL,Chicago,4,15,15,1,2,1,1,0,1,0,0,3,0,0,0,0,0,0,.133,.133,.333,.467
348,Pablo Sandoval\redirect.fcgi?player=1&mlb_ID=467055,gl,32,1,MLB-NL,San Francisco,4,16,16,3,6,1,0,1,1,0,0,1,0,0,0,3,0,0,.375,.375,.625,1.000
349,Miguel Sano\redirect.fcgi?player=1&mlb_ID=593934,gl,26,1,MLB-AL,Minnesota,4,19,18,3,4,1,0,3,7,1,0,6,0,0,0,0,0,0,.222,.263,.778,1.041
350,Carlos Santana\redirect.fcgi?player=1&mlb_ID=467793,gl,33,1,MLB-AL,Cleveland,4,17,14,0,3,2,0,0,0,3,0,5,0,0,0,1,0,0,.214,.353,.357,.710
351,Danny Santana\redirect.fcgi?player=1&mlb_ID=542454,gl,28,2,MLB-AL,Texas,3,13,13,0,2,0,0,0,1,0,0,5,0,0,0,0,0,0,.154,.154,.154,.308
352,Domingo Santana\redirect.fcgi?player=1&mlb_ID=570267,gl,26,1,MLB-AL,Seattle,4,14,13,0,2,0,0,0,1,1,0,6,0,0,0,0,0,0,.154,.214,.154,.368
353,Anthony Santander\redirect.fcgi?player=1&mlb_ID=623993,gl,24,1,MLB-AL,Baltimore,4,17,17,4,7,0,1,2,3,0,0,4,0,0,0,0,0,0,.412,.412,.882,1.294
354,Jonathan Schoop\redirect.fcgi?player=1&mlb_ID=570731,gl,27,2,MLB-AL,Minnesota,2,8,7,0,1,1,0,0,1,0,0,3,0,0,1,0,0,0,.143,.125,.286,.411
355,Kyle Schwarber\redirect.fcgi?player=1&mlb_ID=656941,gl,26,1,MLB-NL,Chicago,4,14,14,1,2,0,0,1,1,0,0,3,0,0,0,0,0,0,.143,.143,.357,.500
356,Corey Seager\redirect.fcgi?player=1&mlb_ID=608369,gl,25,1,MLB-NL,Los Angeles,3,12,11,3,6,1,0,0,1,0,0,1,0,0,1,0,0,0,.545,.500,.636,1.136
357,Kyle Seager\redirect.fcgi?player=1&mlb_ID=572122,gl,31,1,MLB-AL,Seattle,4,14,13,2,2,0,0,1,1,1,0,2,0,0,0,1,0,0,.154,.214,.385,.599
358,Jean Segura\redirect.fcgi?player=1&mlb_ID=516416,gl,29,1,MLB-NL,Philadelphia,3,7,6,0,2,0,0,0,0,0,0,0,1,0,0,1,0,0,.333,.429,.333,.762
359,Marcus Semien\redirect.fcgi?player=1&mlb_ID=543760,gl,28,1,MLB-AL,Oakland,4,17,12,3,1,0,0,0,0,5,0,3,0,0,0,0,1,0,.083,.353,.083,.436
360,Nick Senzel\redirect.fcgi?player=1&mlb_ID=669222,gl,24,1,MLB-NL,Cincinnati,4,12,10,3,3,0,0,0,0,2,0,3,0,0,0,0,0,0,.300,.417,.300,.717
361,Pedro Severino\redirect.fcgi?player=1&mlb_ID=600474,gl,25,2,MLB-AL,Baltimore,2,7,6,0,0,0,0,0,0,1,0,2,0,0,0,0,0,0,.000,.143,.000,.143
362,Chasen Shreve\redirect.fcgi?player=1&mlb_ID=592741,gl,28,2,MLB-NL,St. Louis,1,1,0,0,0,0,0,0,0,1,0,0,0,0,0,0,0,0,,1.000,,
363,Andrelton Simmons\redirect.fcgi?player=1&mlb_ID=592743,gl,29,1,MLB-AL,Los Angeles,3,13,13,1,2,0,0,0,0,0,0,0,0,0,0,0,0,0,.154,.154,.154,.308
364,Chance Sisco\redirect.fcgi?player=1&mlb_ID=642082,gl,24,1,MLB-AL,Baltimore,2,9,9,1,2,0,0,0,0,0,0,4,0,0,0,0,0,0,.222,.222,.222,.444
365,Austin Slater\redirect.fcgi?player=1&mlb_ID=596103,gl,26,1,MLB-NL,San Francisco,4,11,9,1,1,1,0,0,1,2,0,2,0,0,0,1,0,0,.111,.273,.222,.495
366,Dominic Smith\redirect.fcgi?player=1&mlb_ID=642086,gl,24,1,MLB-NL,New York,3,10,10,1,3,0,0,1,4,0,0,2,0,0,0,0,0,1,.300,.300,.600,.900
367,Dwight Smith Jr.\redirect.fcgi?player=1&mlb_ID=596105,gl,26,1,MLB-AL,Baltimore,4,14,12,3,5,1,0,1,3,2,0,2,0,0,0,0,0,0,.417,.500,.750,1.250
368,Kevan Smith\redirect.fcgi?player=1&mlb_ID=607345,gl,31,4,MLB-AL,Los Angeles,1,4,3,0,1,0,0,0,1,1,0,1,0,0,0,0,0,0,.333,.500,.333,.833
369,Mallex Smith\redirect.fcgi?player=1&mlb_ID=605480,gl,26,1,MLB-AL,Seattle,4,18,16,2,3,1,0,0,3,1,0,4,1,0,0,1,0,1,.188,.278,.250,.528
370,Justin Smoak\redirect.fcgi?player=1&mlb_ID=475253,gl,32,1,MLB-AL,Toronto,3,12,10,2,3,0,0,2,3,2,0,3,0,0,0,1,0,0,.300,.417,.900,1.317
371,Drew Smyly\redirect.fcgi?player=1&mlb_ID=592767,gl,30,3,MLB-NL,Philadelphia,1,2,2,0,0,0,0,0,0,0,0,0,0,0,0,0,0,0,.000,.000,.000,.000
372,Eric Sogard\redirect.fcgi?player=1&mlb_ID=519299,gl,33,1,MLB-AL,Toronto,4,18,17,3,4,1,0,0,0,1,0,2,0,0,0,0,0,0,.235,.278,.294,.572
373,Donovan Solano\redirect.fcgi?player=1&mlb_ID=456781,gl,31,2,MLB-NL,San Francisco,3,10,10,1,2,0,0,0,0,0,0,1,0,0,0,0,0,0,.200,.200,.200,.400
374,Jorge Soler\redirect.fcgi?player=1&mlb_ID=624585,gl,27,1,MLB-AL,Kansas City,3,12,7,1,3,0,0,1,2,5,0,2,0,0,0,0,0,0,.429,.667,.857,1.524
375,Mike Soroka\redirect.fcgi?player=1&mlb_ID=647336,gl,21,4,MLB-NL,Atlanta,1,2,2,0,0,0,0,0,0,0,0,1,0,0,0,0,0,0,.000,.000,.000,.000
376,Juan Soto\redirect.fcgi?player=1&mlb_ID=665742,gl,20,1,MLB-NL,Washington,3,14,13,1,3,0,0,0,1,1,0,4,0,0,0,0,0,0,.231,.286,.231,.516
377,George Springer\redirect.fcgi?player=1&mlb_ID=543807,gl,29,1,MLB-AL,Houston,3,16,14,1,2,1,0,0,2,1,0,3,1,0,0,0,0,0,.143,.250,.214,.464
378,Jacob Stallings\redirect.fcgi?player=1&mlb_ID=607732,gl,29,1,MLB-NL,Pittsburgh,4,7,7,0,1,0,0,0,0,0,0,3,0,0,0,0,0,0,.143,.143,.143,.286
379,Bubba Starling\redirect.fcgi?player=1&mlb_ID=605490,gl,26,3,MLB-AL,Kansas City,1,4,4,1,1,0,0,1,1,0,0,0,0,0,0,0,0,0,.250,.250,1.000,1.250
380,Max Stassi\redirect.fcgi?player=1&mlb_ID=545358,gl,28,1,MLB-AL,Houston,3,6,6,0,2,0,0,0,0,0,0,3,0,0,0,0,0,0,.333,.333,.333,.667
381,Andrew Stevenson\redirect.fcgi?player=1&mlb_ID=664057,gl,25,1,MLB-NL,Washington,1,1,1,0,1,0,0,0,0,0,0,0,0,0,0,0,0,0,1.000,1.000,1.000,2.000
382,Christin Stewart\redirect.fcgi?player=1&mlb_ID=621514,gl,25,1,MLB-AL,Detroit,3,10,8,0,2,0,0,0,0,1,1,4,1,0,0,0,0,0,.250,.400,.250,.650
383,Trevor Story\redirect.fcgi?player=1&mlb_ID=596115,gl,26,1,MLB-NL,Colorado,3,13,13,1,5,4,0,0,3,0,0,3,0,0,0,0,0,0,.385,.385,.692,1.077
384,Stephen Strasburg\redirect.fcgi?player=1&mlb_ID=544931,gl,30,1,MLB-NL,Washington,1,2,2,0,1,0,0,0,0,0,0,0,0,0,0,0,0,0,.500,.500,.500,1.000
385,Myles Straw\redirect.fcgi?player=1&mlb_ID=664702,gl,24,1,MLB-AL,Houston,4,10,10,2,2,1,0,0,0,0,0,3,0,0,0,0,1,0,.200,.200,.300,.500
386,Eugenio Suarez\redirect.fcgi?player=1&mlb_ID=553993,gl,27,1,MLB-NL,Cincinnati,4,18,14,5,8,1,0,3,7,2,1,5,2,0,0,0,1,0,.571,.667,1.286,1.952
387,Kurt Suzuki\redirect.fcgi?player=1&mlb_ID=435559,gl,35,3,MLB-NL,Washington,2,7,5,0,2,0,0,0,0,2,0,0,0,0,0,1,0,0,.400,.571,.400,.971
388,Dansby Swanson\redirect.fcgi?player=1&mlb_ID=621020,gl,25,1,MLB-NL,Atlanta,3,15,14,3,2,0,0,0,0,1,0,5,0,0,0,0,0,0,.143,.200,.143,.343
389,Raimel Tapia\redirect.fcgi?player=1&mlb_ID=606132,gl,25,1,MLB-NL,Colorado,2,5,5,0,0,0,0,0,0,0,0,1,0,0,0,0,0,0,.000,.000,.000,.000
390,Fernando Tatis Jr.\redirect.fcgi?player=1&mlb_ID=665487,gl,20,1,MLB-NL,San Diego,3,15,13,2,5,1,0,1,6,1,0,3,0,0,1,0,0,0,.385,.400,.692,1.092
391,Mike Tauchman\redirect.fcgi?player=1&mlb_ID=643565,gl,28,1,MLB-AL,New York,4,14,12,7,6,1,0,1,4,2,0,1,0,0,0,0,0,0,.500,.571,.833,1.405
392,Eric Thames\redirect.fcgi?player=1&mlb_ID=519346,gl,32,1,MLB-NL,Milwaukee,4,13,10,2,1,0,0,1,1,3,1,5,0,0,0,0,0,0,.100,.308,.400,.708
393,Gleyber Torres\redirect.fcgi?player=1&mlb_ID=650402,gl,22,1,MLB-AL,New York,4,18,17,3,6,1,0,0,3,1,0,1,0,0,0,0,1,0,.353,.389,.412,.801
394,Sam Travis\redirect.fcgi?player=1&mlb_ID=607752,gl,25,2,MLB-AL,Boston,3,6,6,1,1,0,0,1,1,0,0,2,0,0,0,0,0,0,.167,.167,.667,.833
395,Mike Trout\redirect.fcgi?player=1&mlb_ID=545361,gl,27,1,MLB-AL,Los Angeles,3,15,13,3,3,0,0,3,5,2,0,4,0,0,0,0,0,0,.231,.333,.923,1.256
396,Justin Turner\redirect.fcgi?player=1&mlb_ID=457759,gl,34,1,MLB-NL,Los Angeles,3,14,8,4,1,0,0,1,1,6,0,1,0,0,0,0,0,0,.125,.500,.500,1.000
397,Trea Turner\redirect.fcgi?player=1&mlb_ID=607208,gl,26,1,MLB-NL,Washington,3,14,14,4,6,2,1,1,3,0,0,2,0,0,0,2,1,0,.429,.429,.929,1.357
398,Justin Upton\redirect.fcgi?player=1&mlb_ID=457708,gl,31,1,MLB-AL,Los Angeles,3,14,13,3,3,2,0,0,1,1,0,6,0,0,0,0,0,0,.231,.286,.385,.670
399,Julio Urias\redirect.fcgi?player=1&mlb_ID=628711,gl,22,1,MLB-NL,Los Angeles,1,1,1,0,0,0,0,0,0,0,0,1,0,0,0,0,0,0,.000,.000,.000,.000
400,Luis Urias\redirect.fcgi?player=1&mlb_ID=649966,gl,22,1,MLB-NL,San Diego,3,12,9,3,1,0,0,0,0,3,0,2,0,0,0,0,0,0,.111,.333,.111,.444
401,Gio Urshela\redirect.fcgi?player=1&mlb_ID=570482,gl,27,1,MLB-AL,New York,3,12,12,2,3,2,0,1,1,0,0,2,0,0,0,0,0,0,.250,.250,.667,.917
402,Josh VanMeter\redirect.fcgi?player=1&mlb_ID=642165,gl,24,1,MLB-NL,Cincinnati,4,9,9,1,2,0,0,1,2,0,0,2,0,0,0,0,0,0,.222,.222,.556,.778
403,Ildemaro Vargas\redirect.fcgi?player=1&mlb_ID=545121,gl,27,1,MLB-NL,Arizona,3,3,3,0,1,1,0,0,0,0,0,0,0,0,0,0,0,0,.333,.333,.667,1.000
404,Jason Vargas\redirect.fcgi?player=1&mlb_ID=450306,gl,36,1,MLB-NL,New York,1,2,2,0,0,0,0,0,0,0,0,2,0,0,0,0,0,0,.000,.000,.000,.000
405,Christian Vazquez\redirect.fcgi?player=1&mlb_ID=543877,gl,28,1,MLB-AL,Boston,4,15,14,3,4,0,0,1,3,1,1,2,0,0,0,1,0,0,.286,.333,.500,.833
406,Alex Verdugo\redirect.fcgi?player=1&mlb_ID=657077,gl,23,1,MLB-NL,Los Angeles,2,10,8,0,0,0,0,0,0,2,0,3,0,0,0,0,0,0,.000,.200,.000,.200
407,Jonathan Villar\redirect.fcgi?player=1&mlb_ID=542340,gl,28,1,MLB-AL,Baltimore,4,19,17,3,2,0,0,1,1,2,0,8,0,0,0,0,0,0,.118,.211,.294,.505
408,Daniel Vogelbach\redirect.fcgi?player=1&mlb_ID=596129,gl,26,1,MLB-AL,Seattle,3,12,12,0,0,0,0,0,0,0,0,7,0,0,0,0,0,0,.000,.000,.000,.000
409,Stephen Vogt\redirect.fcgi?player=1&mlb_ID=519390,gl,34,1,MLB-NL,San Francisco,3,6,6,1,1,1,0,0,0,0,0,3,0,0,0,0,0,0,.167,.167,.333,.500
410,Luke Voit\redirect.fcgi?player=1&mlb_ID=572228,gl,28,1,MLB-AL,New York,4,16,13,2,3,0,0,1,1,2,0,6,1,0,0,0,0,0,.231,.375,.462,.837
411,Joey Votto\redirect.fcgi?player=1&mlb_ID=458015,gl,35,1,MLB-NL,Cincinnati,4,18,18,4,6,1,0,1,3,0,0,3,0,0,0,1,0,0,.333,.333,.556,.889
412,Christian Walker\redirect.fcgi?player=1&mlb_ID=572233,gl,28,1,MLB-NL,Arizona,4,18,15,1,2,0,0,0,3,2,0,7,0,0,1,1,0,0,.133,.222,.133,.356
413,Neil Walker\redirect.fcgi?player=1&mlb_ID=435522,gl,33,1,MLB-NL,Miami,4,13,13,1,2,1,0,0,1,0,0,2,0,0,0,0,0,0,.154,.154,.231,.385
414,Taylor Ward\redirect.fcgi?player=1&mlb_ID=621493,gl,25,1,MLB-AL,Los Angeles,1,1,0,0,0,0,0,0,0,1,0,0,0,0,0,0,0,0,,1.000,,
415,Joey Wendle\redirect.fcgi?player=1&mlb_ID=621563,gl,29,1,MLB-AL,Tampa Bay,4,10,9,2,2,0,0,0,0,1,0,2,0,0,0,0,0,1,.222,.300,.222,.522
416,Matt Wieters\redirect.fcgi?player=1&mlb_ID=446308,gl,33,1,MLB-NL,St. Louis,3,11,9,2,2,0,0,2,3,1,0,2,0,0,1,0,0,0,.222,.273,.889,1.162
417,Stevie Wilkerson\redirect.fcgi?player=1&mlb_ID=592859,gl,27,1,MLB-AL,Baltimore,3,5,5,0,0,0,0,0,0,0,0,3,0,0,0,0,0,0,.000,.000,.000,.000
418,Nick Williams\redirect.fcgi?player=1&mlb_ID=608384,gl,25,1,MLB-NL,Philadelphia,3,8,8,0,0,0,0,0,0,0,0,4,0,0,0,0,0,0,.000,.000,.000,.000
419,Trevor Williams\redirect.fcgi?player=1&mlb_ID=592866,gl,27,2,MLB-NL,Pittsburgh,1,2,1,0,0,0,0,0,0,0,0,0,0,1,0,0,0,0,.000,.000,.000,.000
420,Bobby Wilson\redirect.fcgi?player=1&mlb_ID=435064,gl,36,3,MLB-AL,Detroit,1,4,4,0,0,0,0,0,0,0,0,1,0,0,0,0,0,0,.000,.000,.000,.000
421,Jesse Winker\redirect.fcgi?player=1&mlb_ID=608385,gl,25,1,MLB-NL,Cincinnati,4,12,9,1,4,2,0,1,2,3,0,2,0,0,0,0,0,0,.444,.583,1.000,1.583
422,Tony Wolters\redirect.fcgi?player=1&mlb_ID=547172,gl,27,1,MLB-NL,Colorado,3,7,6,1,1,0,0,0,0,0,0,2,0,1,0,0,0,0,.167,.167,.167,.333
423,Kolten Wong\redirect.fcgi?player=1&mlb_ID=543939,gl,28,1,MLB-NL,St. Louis,4,13,12,0,4,1,0,0,1,1,1,0,0,0,0,0,0,0,.333,.385,.417,.801
424,Brandon Woodruff\redirect.fcgi?player=1&mlb_ID=605540,gl,26,3,MLB-NL,Milwaukee,1,2,2,0,0,0,0,0,0,0,0,1,0,0,0,0,0,0,.000,.000,.000,.000
425,Jordan Yamamoto\redirect.fcgi?player=1&mlb_ID=657141,gl,23,3,MLB-NL,Miami,1,1,1,0,0,0,0,0,0,0,0,0,0,0,0,0,0,0,.000,.000,.000,.000
426,Mike Yastrzemski\redirect.fcgi?player=1&mlb_ID=573262,gl,28,1,MLB-NL,San Francisco,4,18,15,3,4,0,0,2,4,2,1,3,0,0,1,0,0,0,.267,.333,.667,1.000
427,Christian Yelich\redirect.fcgi?player=1&mlb_ID=592885,gl,27,1,MLB-NL,Milwaukee,3,15,13,4,5,2,0,0,2,2,0,3,0,0,0,0,0,0,.385,.467,.538,1.005
428,Alex Young\redirect.fcgi?player=1&mlb_ID=622065,gl,25,3,MLB-NL,Arizona,1,1,1,0,0,0,0,0,0,0,0,1,0,0,0,0,0,0,.000,.000,.000,.000
429,Ryan Zimmerman\redirect.fcgi?player=1&mlb_ID=475582,gl,34,3,MLB-NL,Washington,1,1,1,0,1,0,0,0,0,0,0,0,0,0,0,0,0,0,1.000,1.000,1.000,2.000
430,Mike Zunino\redirect.fcgi?player=1&mlb_ID=572287,gl,28,1,MLB-AL,Tampa Bay,3,10,7,2,1,0,0,0,0,3,0,4,0,0,0,1,0,0,.143,.400,.143,.543