Position,Name + ID,Name,ID,Roster Position,Salary,Game Info,TeamAbbrev,AvgPointsPerGame
SP,Jacob deGrom (13056732),Jacob deGrom,13056732,P,11800,NYM@CWS 08/01/2019 02:10PM ET,NYM,21.89
SP,Jose Berrios (13056733),Jose Berrios,13056733,P,10700,MIN@MIA 08/01/2019 12:10PM ET,MIN,19.92
SP,Caleb Smith (13056734),Caleb Smith,13056734,P,10600,MIN@MIA 08/01/2019 12:10PM ET,MIA,19.49
SP,Zack Wheeler (13056398),Zack Wheeler,13056398,P,10400,NYM@CWS 08/01/2019 02:10PM ET,NYM,17.82
SP,Noah Syndergaard (13056735),Noah Syndergaard,13056735,P,10300,NYM@CWS 08/01/2019 02:10PM ET,NYM,18.28
SP,Lucas Giolito (13056736),Lucas Giolito,13056736,P,10300,NYM@CWS 08/01/2019 02:10PM ET,CWS,21.59
SP,Frankie Montas (13056737),Frankie Montas,13056737,P,10100,MIL@OAK 08/01/2019 03:37PM ET,OAK,21.03
SP,Brandon Woodruff (13056738),Brandon Woodruff,13056738,P,10000,MIL@OAK 08/01/2019 03:37PM ET,MIL,15.88
SP,Madison Bumgarner (13056739),Madison Bumgarner,13056739,P,9700,SF@PHI 08/01/2019 01:05PM ET,SF,17.45
SP,Aaron Nola (13056740),Aaron Nola,13056740,P,9600,SF@PHI 08/01/2019 01:05PM ET,PHI,18.41
SP,Carlos Rodon (13056741),Carlos Rodon,13056741,P,9500,NYM@CWS 08/01/2019 02:10PM ET,CWS,15.91
SP,Jake Odorizzi (13056743),Jake Odorizzi,13056743,P,9400,MIN@MIA 08/01/2019 12:10PM ET,MIN,16.63
SP,Jesus Luzardo (13056742),Jesus Luzardo,13056742,P,9400,MIL@OAK 08/01/2019 03:37PM ET,OAK,0
SP,Marcus Stroman (13056744),Marcus Stroman,13056744,P,9300,NYM@CWS 08/01/2019 02:10PM ET,NYM,15.65
SP,Michael Pineda (13056399),Michael Pineda,13056399,P,9300,MIN@MIA 08/01/2019 12:10PM ET,MIN,14.54
SP,Chris Bassitt (13056745),Chris Bassitt,13056745,P,9200,MIL@OAK 08/01/2019 03:37PM ET,OAK,15.79
SP,Freddy Peralta (13056746),Freddy Peralta,13056746,P,9200,MIL@OAK 08/01/2019 03:37PM ET,MIL,8.61
SP,Andrew Triggs (13056747),Andrew Triggs,13056747,P,8900,MIL@OAK 08/01/2019 03:37PM ET,OAK,0
SP,Martin Perez (13056748),Martin Perez,13056748,P,8800,MIN@MIA 08/01/2019 12:10PM ET,MIN,13.00
SP,Johnny Cueto (13056749),Johnny Cueto,13056749,P,8700,SF@PHI 08/01/2019 01:05PM ET,SF,0
SP,Hector Santiago (13056750),Hector Santiago,13056750,P,8600,NYM@CWS 08/01/2019 02:10PM ET,CWS,1.62
SP,Dylan Cease (13056400),Dylan Cease,13056400,P,8400,NYM@CWS 08/01/2019 02:10PM ET,CWS,10.06
SP,Lewis Thorpe (13056751),Lewis Thorpe,13056751,P,8400,MIN@MIA 08/01/2019 12:10PM ET,MIN,9.98
SP,Jharel Cotton (13056752),Jharel Cotton,13056752,P,8300,MIL@OAK 08/01/2019 03:37PM ET,OAK,0
SP,Brent Suter (13056753),Brent Suter,13056753,P,8300,MIL@OAK 08/01/2019 03:37PM ET,MIL,0
SP,Mike Fiers (13056754),Mike Fiers,13056754,P,8300,MIL@OAK 08/01/2019 03:37PM ET,OAK,14.17
SP,Tanner Roark (13056755),Tanner Roark,13056755,P,8300,MIL@OAK 08/01/2019 03:37PM ET,OAK,13.56
SP,Chris Flexen (13056757),Chris Flexen,13056757,P,8200,NYM@CWS 08/01/2019 02:10PM ET,NYM,1.63
SP,Sean Manaea (13056756),Sean Manaea,13056756,P,8200,MIL@OAK 08/01/2019 03:37PM ET,OAK,0
SP,Jeff Samardzija (13056758),Jeff Samardzija,13056758,P,8100,SF@PHI 08/01/2019 01:05PM ET,SF,15.05
SP,Zach Eflin (13056760),Zach Eflin,13056760,P,8100,SF@PHI 08/01/2019 01:05PM ET,PHI,12.61
SP,Grant Holmes (13056759),Grant Holmes,13056759,P,8100,MIL@OAK 08/01/2019 03:37PM ET,OAK,0
SP,Jordan Yamamoto (13056401),Jordan Yamamoto,13056401,P,7900,MIN@MIA 08/01/2019 12:10PM ET,MIA,14.54
SP,JoJo Romero (13056761),JoJo Romero,13056761,P,7900,SF@PHI 08/01/2019 01:05PM ET,PHI,0
SP,Reynaldo Lopez (13056765),Reynaldo Lopez,13056765,P,7700,NYM@CWS 08/01/2019 02:10PM ET,CWS,12.32
SP,Anthony Kay (13056766),Anthony Kay,13056766,P,7700,NYM@CWS 08/01/2019 02:10PM ET,NYM,0
SP,Kyle Gibson (13056762),Kyle Gibson,13056762,P,7700,MIN@MIA 08/01/2019 12:10PM ET,MIN,15.42
SP,Jimmy Nelson (13056763),Jimmy Nelson,13056763,P,7700,MIL@OAK 08/01/2019 03:37PM ET,MIL,3.92
SP,Trey Supak (13056764),Trey Supak,13056764,P,7700,MIL@OAK 08/01/2019 03:37PM ET,MIL,0
SP,Stephen Gonsalves (13056767),Stephen Gonsalves,13056767,P,7600,MIN@MIA 08/01/2019 12:10PM ET,MIN,0
SP,Adonis Medina (13056768),Adonis Medina,13056768,P,7600,SF@PHI 08/01/2019 01:05PM ET,PHI,0
SP,Vince Velasquez (13056769),Vince Velasquez,13056769,P,7500,SF@PHI 08/01/2019 01:05PM ET,PHI,9.25
SP,Chase Anderson (13056402),Chase Anderson,13056402,P,7500,MIL@OAK 08/01/2019 03:37PM ET,MIL,11.63
SP,Pablo Lopez (13056770),Pablo Lopez,13056770,P,7400,MIN@MIA 08/01/2019 12:10PM ET,MIA,14.13
SP,Nick Neidert (13056771),Nick Neidert,13056771,P,7400,MIN@MIA 08/01/2019 12:10PM ET,MIA,0
SP,Daniel Gossett (13056772),Daniel Gossett,13056772,P,7400,MIL@OAK 08/01/2019 03:37PM ET,OAK,0
SP,Corey Oswalt (13056774),Corey Oswalt,13056774,P,7300,NYM@CWS 08/01/2019 02:10PM ET,NYM,-1
SP,Franklyn Kilome (13056775),Franklyn Kilome,13056775,P,7300,NYM@CWS 08/01/2019 02:10PM ET,NYM,0
SP,Kodi Medeiros (13056776),Kodi Medeiros,13056776,P,7300,NYM@CWS 08/01/2019 02:10PM ET,CWS,0
SP,Robert Dugger (13056777),Robert Dugger,13056777,P,7300,MIN@MIA 08/01/2019 12:10PM ET,MIA,0
SP,Andrew Suarez (13056773),Andrew Suarez,13056773,P,7300,SF@PHI 08/01/2019 01:05PM ET,SF,1.28
RP,Sam Coonrod (13056778),Sam Coonrod,13056778,P,7300,SF@PHI 08/01/2019 01:05PM ET,SF,3.72
SP,Wei-Yin Chen (13056779),Wei-Yin Chen,13056779,P,7200,MIN@MIA 08/01/2019 12:10PM ET,MIA,2.08
RP,Drew Gagnon (13056784),Drew Gagnon,13056784,P,7100,NYM@CWS 08/01/2019 02:10PM ET,NYM,2.27
SP,Ranger Suarez (13056781),Ranger Suarez,13056781,P,7100,SF@PHI 08/01/2019 01:05PM ET,PHI,5.40
SP,Tyler Beede (13056782),Tyler Beede,13056782,P,7100,SF@PHI 08/01/2019 01:05PM ET,SF,10.46
SP,Jerad Eickhoff (13056783),Jerad Eickhoff,13056783,P,7100,SF@PHI 08/01/2019 01:05PM ET,PHI,10.37
SP,Jake Faria (13056780),Jake Faria,13056780,P,7100,MIL@OAK 08/01/2019 03:37PM ET,MIL,4.04
RP,Burch Smith (13056785),Burch Smith,13056785,P,7100,MIL@OAK 08/01/2019 03:37PM ET,MIL,2.61
SP,Michael Kopech (13056786),Michael Kopech,13056786,P,7000,NYM@CWS 08/01/2019 02:10PM ET,CWS,0
SP,Enyel De Los Santos (13056788),Enyel De Los Santos,13056788,P,7000,SF@PHI 08/01/2019 01:05PM ET,PHI,2.79
SP,Logan Webb (13056790),Logan Webb,13056790,P,7000,SF@PHI 08/01/2019 01:05PM ET,SF,0
SP,Gio Gonzalez (13056787),Gio Gonzalez,13056787,P,7000,MIL@OAK 08/01/2019 03:37PM ET,MIL,14.02
SP,Zack Brown (13056789),Zack Brown,13056789,P,7000,MIL@OAK 08/01/2019 03:37PM ET,MIL,0
SP,Steven Matz (13056793),Steven Matz,13056793,P,6900,NYM@CWS 08/01/2019 02:10PM ET,NYM,10.78
SP,Devin Smeltzer (13056791),Devin Smeltzer,13056791,P,6900,MIN@MIA 08/01/2019 12:10PM ET,MIN,13.89
SP,Fernando Romero (13056792),Fernando Romero,13056792,P,6900,MIN@MIA 08/01/2019 12:10PM ET,MIN,1.15
RP,Adam Conley (13056794),Adam Conley,13056794,P,6900,MIN@MIA 08/01/2019 12:10PM ET,MIA,1.49
SP,Adrian Houser (13056795),Adrian Houser,13056795,P,6800,MIL@OAK 08/01/2019 03:37PM ET,MIL,6.98
SP,Corbin Burnes (13056796),Corbin Burnes,13056796,P,6800,MIL@OAK 08/01/2019 03:37PM ET,MIL,3.26
SP,James Shields (13056799),James Shields,13056799,P,6700,NYM@CWS 08/01/2019 02:10PM ET,CWS,0
SP,Jake Arrieta (13056403),Jake Arrieta,13056403,P,6700,SF@PHI 08/01/2019 01:05PM ET,PHI,12.57
SP,Jason Vargas (13056797),Jason Vargas,13056797,P,6700,SF@PHI 08/01/2019 01:05PM ET,PHI,12.98
SP,Homer Bailey (13056798),Homer Bailey,13056798,P,6700,MIL@OAK 08/01/2019 03:37PM ET,OAK,11.71
SP,Jordan Holloway (13056800),Jordan Holloway,13056800,P,6600,MIN@MIA 08/01/2019 12:10PM ET,MIA,0
SP,Zack Littell (13056801),Zack Littell,13056801,P,6500,MIN@MIA 08/01/2019 12:10PM ET,MIN,3.40
SP,Miguel Gonzalez (13056803),Miguel Gonzalez,13056803,P,6400,NYM@CWS 08/01/2019 02:10PM ET,CWS,0
SP,Drew Pomeranz (13056802),Drew Pomeranz,13056802,P,6400,MIL@OAK 08/01/2019 03:37PM ET,MIL,9.11
SP,P.J. Conlon (13056805),P.J. Conlon,13056805,P,6200,NYM@CWS 08/01/2019 02:10PM ET,NYM,0
SP,Ty Blach (13056804),Ty Blach,13056804,P,6200,SF@PHI 08/01/2019 01:05PM ET,SF,-5.28
SP,Ervin Santana (13056806),Ervin Santana,13056806,P,6100,NYM@CWS 08/01/2019 02:10PM ET,NYM,-1
SP,Marco Estrada (13056807),Marco Estrada,13056807,P,6100,MIL@OAK 08/01/2019 03:37PM ET,OAK,3.77
SP,Jordan Lyles (13056808),Jordan Lyles,13056808,P,6100,MIL@OAK 08/01/2019 03:37PM ET,MIL,12.91
SP,David Peterson (13056810),David Peterson,13056810,P,6000,NYM@CWS 08/01/2019 02:10PM ET,NYM,0
SP,Manny Banuelos (13056812),Manny Banuelos,13056812,P,6000,NYM@CWS 08/01/2019 02:10PM ET,CWS,5.98
SP,Jorge Guzman (13056811),Jorge Guzman,13056811,P,6000,MIN@MIA 08/01/2019 12:10PM ET,MIA,0
SP,Elieser Hernandez (13056815),Elieser Hernandez,13056815,P,6000,MIN@MIA 08/01/2019 12:10PM ET,MIA,8.25
SP,Garrett Williams (13056809),Garrett Williams,13056809,P,6000,SF@PHI 08/01/2019 01:05PM ET,SF,0
SP,Drew Smyly (13056813),Drew Smyly,13056813,P,6000,SF@PHI 08/01/2019 01:05PM ET,PHI,7.92
SP,Jhoulys Chacin (13056814),Jhoulys Chacin,13056814,P,6000,MIL@OAK 08/01/2019 03:37PM ET,MIL,9.04
RP,Ray Black (13056816),Ray Black,13056816,P,6000,MIL@OAK 08/01/2019 03:37PM ET,MIL,4.75
SP,Bernardo Flores (13056819),Bernardo Flores,13056819,P,5900,NYM@CWS 08/01/2019 02:10PM ET,CWS,0
SP,Ross Detwiler (13056820),Ross Detwiler,13056820,P,5900,NYM@CWS 08/01/2019 02:10PM ET,CWS,3.37
RP,Justin Wilson (13056821),Justin Wilson,13056821,P,5900,NYM@CWS 08/01/2019 02:10PM ET,NYM,2.44
SP,Marcos Diplan (13056817),Marcos Diplan,13056817,P,5900,MIL@OAK 08/01/2019 03:37PM ET,MIL,0
SP,Parker Bridwell (13056818),Parker Bridwell,13056818,P,5900,MIL@OAK 08/01/2019 03:37PM ET,OAK,0
SP,Kohl Stewart (13056822),Kohl Stewart,13056822,P,5800,MIN@MIA 08/01/2019 12:10PM ET,MIN,4.75
SP,Daniel Mengden (13056404),Daniel Mengden,13056404,P,5800,MIL@OAK 08/01/2019 03:37PM ET,OAK,10.90
SP,Walker Lockett (13056823),Walker Lockett,13056823,P,5700,NYM@CWS 08/01/2019 02:10PM ET,NYM,5.7
SP,Odrisamer Despaigne (13056825),Odrisamer Despaigne,13056825,P,5700,NYM@CWS 08/01/2019 02:10PM ET,CWS,-1.07
SP,Jose Urena (13056827),Jose Urena,13056827,P,5700,MIN@MIA 08/01/2019 12:10PM ET,MIA,10.14
SP,Shaun Anderson (13056828),Shaun Anderson,13056828,P,5700,SF@PHI 08/01/2019 01:05PM ET,SF,9.59
RP,Will Smith (13056829),Will Smith,13056829,P,5700,SF@PHI 08/01/2019 01:05PM ET,SF,4.24
SP,Tanner Anderson (13056824),Tanner Anderson,13056824,P,5700,MIL@OAK 08/01/2019 03:37PM ET,OAK,5.68
SP,Brett Anderson (13056826),Brett Anderson,13056826,P,5700,MIL@OAK 08/01/2019 03:37PM ET,OAK,10.76
SP,Nick Pivetta (13056830),Nick Pivetta,13056830,P,5600,SF@PHI 08/01/2019 01:05PM ET,PHI,9.85
SP,Paul Blackburn (13056831),Paul Blackburn,13056831,P,5600,MIL@OAK 08/01/2019 03:37PM ET,OAK,-0.65
SP,Melvin Adon (13056832),Melvin Adon,13056832,P,5500,SF@PHI 08/01/2019 01:05PM ET,SF,0
SP,Carson Fulmer (13056833),Carson Fulmer,13056833,P,5300,NYM@CWS 08/01/2019 02:10PM ET,CWS,2.74
SP,Cole Irvin (13056834),Cole Irvin,13056834,P,5300,SF@PHI 08/01/2019 01:05PM ET,PHI,5.58
SP,Zach Davies (13056835),Zach Davies,13056835,P,5300,MIL@OAK 08/01/2019 03:37PM ET,MIL,9.95
SP,Liam Hendriks (13056836),Liam Hendriks,13056836,P,5300,MIL@OAK 08/01/2019 03:37PM ET,OAK,4.89
SP,Sandy Alcantara (13056837),Sandy Alcantara,13056837,P,5200,MIN@MIA 08/01/2019 12:10PM ET,MIA,11.41
RP,Reyes Moronta (13056838),Reyes Moronta,13056838,P,5200,SF@PHI 08/01/2019 01:05PM ET,SF,4.09
2B,Keston Hiura (13056410),Keston Hiura,13056410,2B,5200,MIL@OAK 08/01/2019 03:37PM ET,MIL,9.84
OF,Corey Dickerson (13056411),Corey Dickerson,13056411,OF,5100,SF@PHI 08/01/2019 01:05PM ET,PHI,6.93
1B,Pete Alonso (13056414),Pete Alonso,13056414,1B,5000,NYM@CWS 08/01/2019 02:10PM ET,NYM,9.51
RP,Jace Fry (13056839),Jace Fry,13056839,P,5000,NYM@CWS 08/01/2019 02:10PM ET,CWS,2.65
OF,Max Kepler (13056412),Max Kepler,13056412,OF,5000,MIN@MIA 08/01/2019 12:10PM ET,MIN,9.58
3B,Miguel Sano (13056413),Miguel Sano,13056413,3B,5000,MIN@MIA 08/01/2019 12:10PM ET,MIN,9.03
RP,Chase De Jong (13056841),Chase De Jong,13056841,P,5000,MIN@MIA 08/01/2019 12:10PM ET,MIN,-9.35
RP,Juan Nicasio (13056840),Juan Nicasio,13056840,P,5000,SF@PHI 08/01/2019 01:05PM ET,PHI,2.17
SP,Ivan Nova (13056842),Ivan Nova,13056842,P,4900,NYM@CWS 08/01/2019 02:10PM ET,CWS,9.68
SP,Justin Nicolino (13056844),Justin Nicolino,13056844,P,4900,NYM@CWS 08/01/2019 02:10PM ET,CWS,0
1B,Rhys Hoskins (13056415),Rhys Hoskins,13056415,1B,4900,SF@PHI 08/01/2019 01:05PM ET,PHI,8.84
SP,Norge Ruiz (13056843),Norge Ruiz,13056843,P,4900,MIL@OAK 08/01/2019 03:37PM ET,OAK,0
SP,Dereck Rodriguez (13056405),Dereck Rodriguez,13056405,P,4800,SF@PHI 08/01/2019 01:05PM ET,SF,6.2
OF,Alex Dickerson (13056408),Alex Dickerson,13056408,OF,4800,SF@PHI 08/01/2019 01:05PM ET,SF,7.36
2B/OF,Jeff McNeil (13056417),Jeff McNeil,13056417,2B/OF,4700,NYM@CWS 08/01/2019 02:10PM ET,NYM,8.37
RP,Kyle Keller (13056845),Kyle Keller,13056845,P,4700,MIN@MIA 08/01/2019 12:10PM ET,MIA,0
RP,Andrew Vasquez (13056846),Andrew Vasquez,13056846,P,4700,MIN@MIA 08/01/2019 12:10PM ET,MIN,-7.8
OF,Bryce Harper (13056416),Bryce Harper,13056416,OF,4700,SF@PHI 08/01/2019 01:05PM ET,PHI,8.71
RP,Daniel Zamora (13056848),Daniel Zamora,13056848,P,4600,NYM@CWS 08/01/2019 02:10PM ET,NYM,0.82
RP,Luis Avilan (13056849),Luis Avilan,13056849,P,4600,NYM@CWS 08/01/2019 02:10PM ET,NYM,1.75
RP,Ryan O'Rourke (13056850),Ryan O'Rourke,13056850,P,4600,NYM@CWS 08/01/2019 02:10PM ET,NYM,1.6
RP,Alex Colome (13056851),Alex Colome,13056851,P,4600,NYM@CWS 08/01/2019 02:10PM ET,CWS,3.14
C,Stephen Vogt (13056419),Stephen Vogt,13056419,C,4600,SF@PHI 08/01/2019 01:05PM ET,SF,5.17
OF,Mike Yastrzemski (13056422),Mike Yastrzemski,13056422,OF,4600,SF@PHI 08/01/2019 01:05PM ET,SF,7.43
3B/OF,Scott Kingery (13056429),Scott Kingery,13056429,3B/OF,4600,SF@PHI 08/01/2019 01:05PM ET,PHI,7.84
RP,Austin Davis (13056847),Austin Davis,13056847,P,4600,SF@PHI 08/01/2019 01:05PM ET,PHI,1.95
RP,Tony Watson (13056852),Tony Watson,13056852,P,4600,SF@PHI 08/01/2019 01:05PM ET,SF,2.45
SS,Marcus Semien (13056420),Marcus Semien,13056420,SS,4600,MIL@OAK 08/01/2019 03:37PM ET,OAK,8.72
1B,Matt Olson (13056421),Matt Olson,13056421,1B,4600,MIL@OAK 08/01/2019 03:37PM ET,OAK,8.63
RP,Ryan Buchter (13056853),Ryan Buchter,13056853,P,4600,MIL@OAK 08/01/2019 03:37PM ET,OAK,1.60
OF,Michael Conforto (13056431),Michael Conforto,13056431,OF,4500,NYM@CWS 08/01/2019 02:10PM ET,NYM,8.52
SS,Jorge Polanco (13056426),Jorge Polanco,13056426,SS,4500,MIN@MIA 08/01/2019 12:10PM ET,MIN,9.01
RP,Sergio Romo (13056856),Sergio Romo,13056856,P,4500,MIN@MIA 08/01/2019 12:10PM ET,MIN,2.69
RP,Trevor May (13056857),Trevor May,13056857,P,4500,MIN@MIA 08/01/2019 12:10PM ET,MIN,2.89
1B/OF,Jay Bruce (13056423),Jay Bruce,13056423,1B/OF,4500,SF@PHI 08/01/2019 01:05PM ET,PHI,7.98
C,J.T. Realmuto (13056432),J.T. Realmuto,13056432,C,4500,SF@PHI 08/01/2019 01:05PM ET,PHI,7.39
RP,Edward Paredes (13056854),Edward Paredes,13056854,P,4500,SF@PHI 08/01/2019 01:05PM ET,PHI,0
OF,Ramon Laureano (13056425),Ramon Laureano,13056425,OF,4500,MIL@OAK 08/01/2019 03:37PM ET,OAK,8.39
RP,Josh Hader (13056855),Josh Hader,13056855,P,4500,MIL@OAK 08/01/2019 03:37PM ET,MIL,6.59
RP,Tim Peterson (13056858),Tim Peterson,13056858,P,4400,NYM@CWS 08/01/2019 02:10PM ET,NYM,0.92
RP,Jacob Rhame (13056859),Jacob Rhame,13056859,P,4400,NYM@CWS 08/01/2019 02:10PM ET,NYM,2.16
OF,Eddie Rosario (13056435),Eddie Rosario,13056435,OF,4400,MIN@MIA 08/01/2019 12:10PM ET,MIN,9.04
RP,Jose Quijada (13056860),Jose Quijada,13056860,P,4400,MIN@MIA 08/01/2019 12:10PM ET,MIA,3.46
SS,Jean Segura (13056427),Jean Segura,13056427,SS,4400,SF@PHI 08/01/2019 01:05PM ET,PHI,7.97
1B/OF,Mark Canha (13056433),Mark Canha,13056433,1B/OF,4400,MIL@OAK 08/01/2019 03:37PM ET,OAK,7.40
3B,Matt Chapman (13056442),Matt Chapman,13056442,3B,4400,MIL@OAK 08/01/2019 03:37PM ET,OAK,8.50
SS,Tim Anderson (13056447),Tim Anderson,13056447,SS,4300,NYM@CWS 08/01/2019 02:10PM ET,CWS,8.5
SP,Dylan Covey (13056862),Dylan Covey,13056862,P,4300,NYM@CWS 08/01/2019 02:10PM ET,CWS,3.70
RP,Juan Minaya (13056863),Juan Minaya,13056863,P,4300,NYM@CWS 08/01/2019 02:10PM ET,CWS,2.97
1B/3B,Pablo Sandoval (13056440),Pablo Sandoval,13056440,1B/3B,4300,SF@PHI 08/01/2019 01:05PM ET,SF,5.37
RP,James Pazos (13056861),James Pazos,13056861,P,4300,SF@PHI 08/01/2019 01:05PM ET,PHI,0
RP,Blake Parker (13056864),Blake Parker,13056864,P,4300,SF@PHI 08/01/2019 01:05PM ET,PHI,2.39
OF,Ryan Braun (13056436),Ryan Braun,13056436,OF,4300,MIL@OAK 08/01/2019 03:37PM ET,MIL,6.95
C,Yasmani Grandal (13056437),Yasmani Grandal,13056437,C,4300,MIL@OAK 08/01/2019 03:37PM ET,MIL,7.89
2B/3B,Mike Moustakas (13056438),Mike Moustakas,13056438,2B/3B,4300,MIL@OAK 08/01/2019 03:37PM ET,MIL,8.75
3B/OF,J.D. Davis (13056445),J.D. Davis,13056445,3B/OF,4200,NYM@CWS 08/01/2019 02:10PM ET,NYM,5.57
SS,Amed Rosario (13056454),Amed Rosario,13056454,SS,4200,NYM@CWS 08/01/2019 02:10PM ET,NYM,7.43
RP,Paul Sewald (13056868),Paul Sewald,13056868,P,4200,NYM@CWS 08/01/2019 02:10PM ET,NYM,3.24
RP,Tyler Bashlor (13056869),Tyler Bashlor,13056869,P,4200,NYM@CWS 08/01/2019 02:10PM ET,NYM,1.69
OF,Byron Buxton (13056444),Byron Buxton,13056444,OF,4200,MIN@MIA 08/01/2019 12:10PM ET,MIN,7.98
3B,Evan Longoria (13056443),Evan Longoria,13056443,3B,4200,SF@PHI 08/01/2019 01:05PM ET,SF,6.72
3B/OF,Sean Rodriguez (13056449),Sean Rodriguez,13056449,3B/OF,4200,SF@PHI 08/01/2019 01:05PM ET,PHI,3.95
SP,Jose Alvarez (13056865),Jose Alvarez,13056865,P,4200,SF@PHI 08/01/2019 01:05PM ET,PHI,2.55
1B,Eric Thames (13056448),Eric Thames,13056448,1B,4200,MIL@OAK 08/01/2019 03:37PM ET,MIL,5.91
SP,Shelby Miller (13056866),Shelby Miller,13056866,P,4200,MIL@OAK 08/01/2019 03:37PM ET,MIL,1.32
RP,Deolis Guerra (13056867),Deolis Guerra,13056867,P,4200,MIL@OAK 08/01/2019 03:37PM ET,MIL,-8.9
1B/OF,Dominic Smith (13056451),Dominic Smith,13056451,1B/OF,4100,NYM@CWS 08/01/2019 02:10PM ET,NYM,4.48
3B,Todd Frazier (13056453),Todd Frazier,13056453,3B,4100,NYM@CWS 08/01/2019 02:10PM ET,NYM,6.94
RP,Arquimedes Caminero (13056871),Arquimedes Caminero,13056871,P,4100,NYM@CWS 08/01/2019 02:10PM ET,NYM,0
SP,Pat Dean (13056872),Pat Dean,13056872,P,4100,MIN@MIA 08/01/2019 12:10PM ET,MIN,0
RP,Ryne Harper (13056873),Ryne Harper,13056873,P,4100,MIN@MIA 08/01/2019 12:10PM ET,MIN,2.95
2B/SS,Donovan Solano (13056455),Donovan Solano,13056455,2B/SS,4100,SF@PHI 08/01/2019 01:05PM ET,SF,5.20
RP,Steven Okert (13056870),Steven Okert,13056870,P,4100,SF@PHI 08/01/2019 01:05PM ET,SF,0
SP,Ryan Burr (13056879),Ryan Burr,13056879,P,4000,NYM@CWS 08/01/2019 02:10PM ET,CWS,3.33
RP,Eric Hanhold (13056885),Eric Hanhold,13056885,P,4000,NYM@CWS 08/01/2019 02:10PM ET,NYM,0
RP,Randall Delgado (13056889),Randall Delgado,13056889,P,4000,NYM@CWS 08/01/2019 02:10PM ET,CWS,0
RP,Sean Burnett (13056890),Sean Burnett,13056890,P,4000,NYM@CWS 08/01/2019 02:10PM ET,NYM,0
RP,Mauricio Cabrera (13056895),Mauricio Cabrera,13056895,P,4000,NYM@CWS 08/01/2019 02:10PM ET,CWS,0
RP,Edwin Diaz (13056896),Edwin Diaz,13056896,P,4000,NYM@CWS 08/01/2019 02:10PM ET,NYM,3.15
RP,Seth Lugo (13056904),Seth Lugo,13056904,P,4000,NYM@CWS 08/01/2019 02:10PM ET,NYM,4.93
RP,Jeurys Familia (13056910),Jeurys Familia,13056910,P,4000,NYM@CWS 08/01/2019 02:10PM ET,NYM,1.46
RP,Chris Volstad (13056915),Chris Volstad,13056915,P,4000,NYM@CWS 08/01/2019 02:10PM ET,CWS,0
RP,Donn Roach (13056917),Donn Roach,13056917,P,4000,NYM@CWS 08/01/2019 02:10PM ET,CWS,0
RP,Brooks Pounders (13056924),Brooks Pounders,13056924,P,4000,NYM@CWS 08/01/2019 02:10PM ET,NYM,1.9
RP,Steve Nogosek (13056925),Steve Nogosek,13056925,P,4000,NYM@CWS 08/01/2019 02:10PM ET,NYM,0.37
RP,Thyago Vieira (13056926),Thyago Vieira,13056926,P,4000,NYM@CWS 08/01/2019 02:10PM ET,CWS,2.02
RP,Aaron Bummer (13056927),Aaron Bummer,13056927,P,4000,NYM@CWS 08/01/2019 02:10PM ET,CWS,3.50
RP,Evan Marshall (13056929),Evan Marshall,13056929,P,4000,NYM@CWS 08/01/2019 02:10PM ET,CWS,2.63
RP,Jose Ruiz (13056933),Jose Ruiz,13056933,P,4000,NYM@CWS 08/01/2019 02:10PM ET,CWS,1.46
RP,Jimmy Cordero (13056937),Jimmy Cordero,13056937,P,4000,NYM@CWS 08/01/2019 02:10PM ET,CWS,2.41
RP,Robert Gsellman (13056941),Robert Gsellman,13056941,P,4000,NYM@CWS 08/01/2019 02:10PM ET,NYM,2.99
RP,Josh Osich (13056943),Josh Osich,13056943,P,4000,NYM@CWS 08/01/2019 02:10PM ET,CWS,2.12
3B/OF,Jon Berti (13056460),Jon Berti,13056460,3B/OF,4000,MIN@MIA 08/01/2019 12:10PM ET,MIA,5.13
RP,Gabriel Moya (13056882),Gabriel Moya,13056882,P,4000,MIN@MIA 08/01/2019 12:10PM ET,MIN,0
RP,Preston Guilmet (13056884),Preston Guilmet,13056884,P,4000,MIN@MIA 08/01/2019 12:10PM ET,MIN,0
RP,R.J. Alvarez (13056886),R.J. Alvarez,13056886,P,4000,MIN@MIA 08/01/2019 12:10PM ET,MIA,0
RP,Zack Weiss (13056888),Zack Weiss,13056888,P,4000,MIN@MIA 08/01/2019 12:10PM ET,MIN,0
RP,Ben Meyer (13056899),Ben Meyer,13056899,P,4000,MIN@MIA 08/01/2019 12:10PM ET,MIA,0
RP,Carlos Torres (13056902),Carlos Torres,13056902,P,4000,MIN@MIA 08/01/2019 12:10PM ET,MIN,3.22
RP,Tyler Duffey (13056911),Tyler Duffey,13056911,P,4000,MIN@MIA 08/01/2019 12:10PM ET,MIN,3.52
RP,Taylor Rogers (13056912),Taylor Rogers,13056912,P,4000,MIN@MIA 08/01/2019 12:10PM ET,MIN,4.54
RP,Sean Poppen (13056919),Sean Poppen,13056919,P,4000,MIN@MIA 08/01/2019 12:10PM ET,MIN,3.44
RP,Cody Stashak (13056920),Cody Stashak,13056920,P,4000,MIN@MIA 08/01/2019 12:10PM ET,MIN,3.58
RP,Sam Dyson (13056928),Sam Dyson,13056928,P,4000,MIN@MIA 08/01/2019 12:10PM ET,MIN,3.42
RP,Jeff Brigham (13056930),Jeff Brigham,13056930,P,4000,MIN@MIA 08/01/2019 12:10PM ET,MIA,4.59
RP,Brett Graves (13056931),Brett Graves,13056931,P,4000,MIN@MIA 08/01/2019 12:10PM ET,MIA,0
RP,Tayron Guerrero (13056939),Tayron Guerrero,13056939,P,4000,MIN@MIA 08/01/2019 12:10PM ET,MIA,2.02
RP,Jarlin Garcia (13056940),Jarlin Garcia,13056940,P,4000,MIN@MIA 08/01/2019 12:10PM ET,MIA,3.25
OF,Adam Haseley (13056457),Adam Haseley,13056457,OF,4000,SF@PHI 08/01/2019 01:05PM ET,PHI,6.61
OF,Austin Slater (13056458),Austin Slater,13056458,OF,4000,SF@PHI 08/01/2019 01:05PM ET,SF,6.39
2B,Cesar Hernandez (13056463),Cesar Hernandez,13056463,2B,4000,SF@PHI 08/01/2019 01:05PM ET,PHI,6.78
SP,Jose Lopez (13056876),Jose Lopez,13056876,P,4000,SF@PHI 08/01/2019 01:05PM ET,SF,0
SP,Conner Menez (13056877),Conner Menez,13056877,P,4000,SF@PHI 08/01/2019 01:05PM ET,SF,16.25
SP,Nick Vincent (13056878),Nick Vincent,13056878,P,4000,SF@PHI 08/01/2019 01:05PM ET,SF,3.49
RP,Pedro Beato (13056887),Pedro Beato,13056887,P,4000,SF@PHI 08/01/2019 01:05PM ET,PHI,0
RP,Jeremy Bleich (13056891),Jeremy Bleich,13056891,P,4000,SF@PHI 08/01/2019 01:05PM ET,PHI,0
RP,Dan Slania (13056894),Dan Slania,13056894,P,4000,SF@PHI 08/01/2019 01:05PM ET,SF,0
RP,Kieran Lovegrove (13056898),Kieran Lovegrove,13056898,P,4000,SF@PHI 08/01/2019 01:05PM ET,SF,0
RP,Hector Neris (13056900),Hector Neris,13056900,P,4000,SF@PHI 08/01/2019 01:05PM ET,PHI,3.63
RP,Casey Kelly (13056905),Casey Kelly,13056905,P,4000,SF@PHI 08/01/2019 01:05PM ET,SF,0
RP,Victor Arano (13056906),Victor Arano,13056906,P,4000,SF@PHI 08/01/2019 01:05PM ET,PHI,7.37
RP,Adam Morgan (13056909),Adam Morgan,13056909,P,4000,SF@PHI 08/01/2019 01:05PM ET,PHI,2.27
RP,Pat Venditte (13056913),Pat Venditte,13056913,P,4000,SF@PHI 08/01/2019 01:05PM ET,SF,-2.95
RP,Trevor Gott (13056916),Trevor Gott,13056916,P,4000,SF@PHI 08/01/2019 01:05PM ET,SF,3.79
RP,Yacksel Rios (13056918),Yacksel Rios,13056918,P,4000,SF@PHI 08/01/2019 01:05PM ET,PHI,-1
RP,Williams Jerez (13056922),Williams Jerez,13056922,P,4000,SF@PHI 08/01/2019 01:05PM ET,SF,4.58
RP,Drew Anderson (13056932),Drew Anderson,13056932,P,4000,SF@PHI 08/01/2019 01:05PM ET,PHI,4.15
RP,Edgar Garcia (13056935),Edgar Garcia,13056935,P,4000,SF@PHI 08/01/2019 01:05PM ET,PHI,2.31
RP,Mike Morin (13056938),Mike Morin,13056938,P,4000,SF@PHI 08/01/2019 01:05PM ET,PHI,2.30
OF,Lorenzo Cain (13056459),Lorenzo Cain,13056459,OF,4000,MIL@OAK 08/01/2019 03:37PM ET,MIL,7.39
SP,Jacob Barnes (13056874),Jacob Barnes,13056874,P,4000,MIL@OAK 08/01/2019 03:37PM ET,MIL,2.36
SP,James Kaprielian (13056875),James Kaprielian,13056875,P,4000,MIL@OAK 08/01/2019 03:37PM ET,OAK,0
SP,Joakim Soria (13056880),Joakim Soria,13056880,P,4000,MIL@OAK 08/01/2019 03:37PM ET,OAK,2.77
SP,Junior Guerra (13056881),Junior Guerra,13056881,P,4000,MIL@OAK 08/01/2019 03:37PM ET,MIL,3.33
RP,Kyle Crockett (13056883),Kyle Crockett,13056883,P,4000,MIL@OAK 08/01/2019 03:37PM ET,OAK,0
RP,Blake Treinen (13056892),Blake Treinen,13056892,P,4000,MIL@OAK 08/01/2019 03:37PM ET,OAK,3.12
RP,Dean Kiekhefer (13056893),Dean Kiekhefer,13056893,P,4000,MIL@OAK 08/01/2019 03:37PM ET,OAK,0
RP,Kyle Lobstein (13056897),Kyle Lobstein,13056897,P,4000,MIL@OAK 08/01/2019 03:37PM ET,OAK,0
RP,Matt Albers (13056901),Matt Albers,13056901,P,4000,MIL@OAK 08/01/2019 03:37PM ET,MIL,3.12
RP,Taylor Williams (13056903),Taylor Williams,13056903,P,4000,MIL@OAK 08/01/2019 03:37PM ET,MIL,0.51
RP,Jake Diekman (13056907),Jake Diekman,13056907,P,4000,MIL@OAK 08/01/2019 03:37PM ET,OAK,2.84
RP,Aaron Wilkerson (13056908),Aaron Wilkerson,13056908,P,4000,MIL@OAK 08/01/2019 03:37PM ET,MIL,2.29
RP,Jeremy Jeffress (13056914),Jeremy Jeffress,13056914,P,4000,MIL@OAK 08/01/2019 03:37PM ET,MIL,2.82
RP,Jay Jackson (13056921),Jay Jackson,13056921,P,4000,MIL@OAK 08/01/2019 03:37PM ET,MIL,5.17
RP,Lou Trivino (13056923),Lou Trivino,13056923,P,4000,MIL@OAK 08/01/2019 03:37PM ET,OAK,2.34
RP,Alex Claudio (13056934),Alex Claudio,13056934,P,4000,MIL@OAK 08/01/2019 03:37PM ET,MIL,1.72
RP,Wei-Chung Wang (13056936),Wei-Chung Wang,13056936,P,4000,MIL@OAK 08/01/2019 03:37PM ET,OAK,2.84
RP,Yusmeiro Petit (13056942),Yusmeiro Petit,13056942,P,4000,MIL@OAK 08/01/2019 03:37PM ET,OAK,3.14
OF,Yoenis Cespedes (13056462),Yoenis Cespedes,13056462,OF,3900,NYM@CWS 08/01/2019 02:10PM ET,NYM,0
1B,Jose Abreu (13056466),Jose Abreu,13056466,1B,3900,NYM@CWS 08/01/2019 02:10PM ET,CWS,7.93
3B/OF,Brian Anderson (13056464),Brian Anderson,13056464,3B/OF,3900,MIN@MIA 08/01/2019 12:10PM ET,MIA,7.18
2B/OF,Yangervis Solarte (13056468),Yangervis Solarte,13056468,2B/OF,3900,MIN@MIA 08/01/2019 12:10PM ET,MIA,3.64
C,Rene Rivera (13056467),Rene Rivera,13056467,C,3900,SF@PHI 08/01/2019 01:05PM ET,SF,0
OF/SS,Leury Garcia (13056470),Leury Garcia,13056470,SS/OF,3800,NYM@CWS 08/01/2019 02:10PM ET,CWS,7.40
2B/SS,Adeiny Hechavarria (13056475),Adeiny Hechavarria,13056475,2B/SS,3800,NYM@CWS 08/01/2019 02:10PM ET,NYM,4.53
OF,Eloy Jimenez (13056480),Eloy Jimenez,13056480,OF,3800,NYM@CWS 08/01/2019 02:10PM ET,CWS,7.23
OF,Rajai Davis (13056485),Rajai Davis,13056485,OF,3800,NYM@CWS 08/01/2019 02:10PM ET,NYM,5.75
C,Jason Castro (13056472),Jason Castro,13056472,C,3800,MIN@MIA 08/01/2019 12:10PM ET,MIN,6.92
2B/3B,Luis Arraez (13056473),Luis Arraez,13056473,2B/3B,3800,MIN@MIA 08/01/2019 12:10PM ET,MIN,6.83
2B,Jonathan Schoop (13056482),Jonathan Schoop,13056482,2B,3800,MIN@MIA 08/01/2019 12:10PM ET,MIN,7.26
3B/SS,Ehire Adrianza (13056483),Ehire Adrianza,13056483,3B/SS,3800,MIN@MIA 08/01/2019 12:10PM ET,MIN,5.12
1B,Brandon Belt (13056481),Brandon Belt,13056481,1B,3800,SF@PHI 08/01/2019 01:05PM ET,SF,6.77
OF,Joey Rickard (13056486),Joey Rickard,13056486,OF,3800,SF@PHI 08/01/2019 01:05PM ET,SF,4.55
OF,Ben Gamel (13056479),Ben Gamel,13056479,OF,3800,MIL@OAK 08/01/2019 03:37PM ET,MIL,4.55
OF,Harold Ramirez (13056488),Harold Ramirez,13056488,OF,3700,MIN@MIA 08/01/2019 12:10PM ET,MIA,6.5
C,Buster Posey (13056489),Buster Posey,13056489,C,3700,SF@PHI 08/01/2019 01:05PM ET,SF,6.09
3B,Maikel Franco (13056490),Maikel Franco,13056490,3B,3700,SF@PHI 08/01/2019 01:05PM ET,PHI,6.02
OF,Roman Quinn (13056494),Roman Quinn,13056494,OF,3700,SF@PHI 08/01/2019 01:05PM ET,PHI,3.16
OF,Mike Gerber (13056495),Mike Gerber,13056495,OF,3700,SF@PHI 08/01/2019 01:05PM ET,SF,1.75
OF,Robbie Grossman (13056491),Robbie Grossman,13056491,OF,3700,MIL@OAK 08/01/2019 03:37PM ET,OAK,5.98
OF,Khris Davis (13056492),Khris Davis,13056492,OF,3700,MIL@OAK 08/01/2019 03:37PM ET,OAK,6.96
OF,Luis Robert (13056502),Luis Robert,13056502,OF,3600,NYM@CWS 08/01/2019 02:10PM ET,CWS,0
SS,Miguel Rojas (13056501),Miguel Rojas,13056501,SS,3600,MIN@MIA 08/01/2019 12:10PM ET,MIA,6.17
3B/C,Willians Astudillo (13056504),Willians Astudillo,13056504,C/3B,3600,MIN@MIA 08/01/2019 12:10PM ET,MIN,5.49
2B/3B,Brad Miller (13056496),Brad Miller,13056496,2B/3B,3600,SF@PHI 08/01/2019 01:05PM ET,PHI,4.22
OF,Kevin Pillar (13056499),Kevin Pillar,13056499,OF,3600,SF@PHI 08/01/2019 01:05PM ET,SF,6.78
1B/OF,Tyler Austin (13056514),Tyler Austin,13056514,1B/OF,3600,SF@PHI 08/01/2019 01:05PM ET,SF,3.84
OF,Stephen Piscotty (13056498),Stephen Piscotty,13056498,OF,3600,MIL@OAK 08/01/2019 03:37PM ET,OAK,6.77
SS,Mauricio Dubon (13056503),Mauricio Dubon,13056503,SS,3600,MIL@OAK 08/01/2019 03:37PM ET,MIL,0
C,Wilson Ramos (13056509),Wilson Ramos,13056509,C,3500,NYM@CWS 08/01/2019 02:10PM ET,NYM,5.92
2B,Robinson Cano (13056510),Robinson Cano,13056510,2B,3500,NYM@CWS 08/01/2019 02:10PM ET,NYM,5.80
2B/SS,Dilson Herrera (13056518),Dilson Herrera,13056518,2B/SS,3500,NYM@CWS 08/01/2019 02:10PM ET,NYM,0
1B,Logan Morrison (13056506),Logan Morrison,13056506,1B,3500,MIN@MIA 08/01/2019 12:10PM ET,MIN,0
OF,Brian Miller (13056517),Brian Miller,13056517,OF,3500,MIN@MIA 08/01/2019 12:10PM ET,MIA,0
SS,Brandon Crawford (13056516),Brandon Crawford,13056516,SS,3500,SF@PHI 08/01/2019 01:05PM ET,SF,6.06
2B/OF,Chad Pinder (13056511),Chad Pinder,13056511,2B/OF,3500,MIL@OAK 08/01/2019 03:37PM ET,OAK,5.04
2B,Jurickson Profar (13056513),Jurickson Profar,13056513,2B,3500,MIL@OAK 08/01/2019 03:37PM ET,OAK,6.52
OF,Carlos Gomez (13056523),Carlos Gomez,13056523,OF,3400,NYM@CWS 08/01/2019 02:10PM ET,NYM,4.65
C,Seby Zavala (13056529),Seby Zavala,13056529,C,3400,NYM@CWS 08/01/2019 02:10PM ET,CWS,1.67
OF,Gabriel Guerrero (13056525),Gabriel Guerrero,13056525,OF,3400,MIN@MIA 08/01/2019 12:10PM ET,MIA,0
3B/SS,Joe Dunand (13056526),Joe Dunand,13056526,3B/SS,3400,MIN@MIA 08/01/2019 12:10PM ET,MIA,0
OF,Magneuris Sierra (13056528),Magneuris Sierra,13056528,OF,3400,MIN@MIA 08/01/2019 12:10PM ET,MIA,0
1B/3B,Neil Walker (13056537),Neil Walker,13056537,1B/3B,3400,MIN@MIA 08/01/2019 12:10PM ET,MIA,4.96
OF,Dustin Fowler (13056520),Dustin Fowler,13056520,OF,3400,MIL@OAK 08/01/2019 03:37PM ET,OAK,0
2B/3B,Cory Spangenberg (13056521),Cory Spangenberg,13056521,2B/3B,3400,MIL@OAK 08/01/2019 03:37PM ET,MIL,0
C,Manny Pina (13056524),Manny Pina,13056524,C,3400,MIL@OAK 08/01/2019 03:37PM ET,MIL,3.68
2B,Jed Lowrie (13056533),Jed Lowrie,13056533,2B,3300,NYM@CWS 08/01/2019 02:10PM ET,NYM,0
OF,Rymer Liriano (13056534),Rymer Liriano,13056534,OF,3300,NYM@CWS 08/01/2019 02:10PM ET,NYM,0
OF,Brandon Nimmo (13056535),Brandon Nimmo,13056535,OF,3300,NYM@CWS 08/01/2019 02:10PM ET,NYM,5.67
OF,Brandon Guyer (13056540),Brandon Guyer,13056540,OF,3300,NYM@CWS 08/01/2019 02:10PM ET,CWS,0
OF,Matt Kemp (13056545),Matt Kemp,13056545,OF,3300,NYM@CWS 08/01/2019 02:10PM ET,NYM,3.35
OF,Cesar Puello (13056542),Cesar Puello,13056542,OF,3300,MIN@MIA 08/01/2019 12:10PM ET,MIA,5.46
OF,Curtis Granderson (13056543),Curtis Granderson,13056543,OF,3300,MIN@MIA 08/01/2019 12:10PM ET,MIA,4.61
2B/SS,Dixon Machado (13056549),Dixon Machado,13056549,2B/SS,3300,MIN@MIA 08/01/2019 12:10PM ET,MIA,0
2B,Scooter Gennett (13056541),Scooter Gennett,13056541,2B,3300,SF@PHI 08/01/2019 01:05PM ET,SF,3.48
2B,Franklin Barreto (13056500),Franklin Barreto,13056500,2B,3300,MIL@OAK 08/01/2019 03:37PM ET,OAK,3.62
1B/3B,Eric Campbell (13056531),Eric Campbell,13056531,1B/3B,3300,MIL@OAK 08/01/2019 03:37PM ET,OAK,0
OF,Nick Martini (13056536),Nick Martini,13056536,OF,3300,MIL@OAK 08/01/2019 03:37PM ET,OAK,1
C,Chris Herrmann (13056544),Chris Herrmann,13056544,C,3300,MIL@OAK 08/01/2019 03:37PM ET,OAK,4.94
OF,Tyler Ramirez (13056546),Tyler Ramirez,13056546,OF,3300,MIL@OAK 08/01/2019 03:37PM ET,OAK,0
C,Bruce Maxwell (13056547),Bruce Maxwell,13056547,C,3300,MIL@OAK 08/01/2019 03:37PM ET,OAK,0
C,Nick Hundley (13056548),Nick Hundley,13056548,C,3300,MIL@OAK 08/01/2019 03:37PM ET,OAK,3.1
OF,Preston Tucker (13056563),Preston Tucker,13056563,OF,3200,NYM@CWS 08/01/2019 02:10PM ET,CWS,0
SS,Andres Gimenez (13056569),Andres Gimenez,13056569,SS,3200,NYM@CWS 08/01/2019 02:10PM ET,NYM,0
1B,AJ Reed (13056570),AJ Reed,13056570,1B,3200,NYM@CWS 08/01/2019 02:10PM ET,CWS,3.31
OF,Adam Engel (13056573),Adam Engel,13056573,OF,3200,NYM@CWS 08/01/2019 02:10PM ET,CWS,4.38
2B/SS,Nick Madrigal (13056575),Nick Madrigal,13056575,2B/SS,3200,NYM@CWS 08/01/2019 02:10PM ET,CWS,0
OF,Monte Harrison (13056562),Monte Harrison,13056562,OF,3200,MIN@MIA 08/01/2019 12:10PM ET,MIA,0
OF,Jake Cave (13056574),Jake Cave,13056574,OF,3200,MIN@MIA 08/01/2019 12:10PM ET,MIN,3.89
3B,Deven Marrero (13056578),Deven Marrero,13056578,3B,3200,MIN@MIA 08/01/2019 12:10PM ET,MIA,0
OF,Dylan Cozens (13056551),Dylan Cozens,13056551,OF,3200,SF@PHI 08/01/2019 01:05PM ET,PHI,0
3B,Trevor Plouffe (13056552),Trevor Plouffe,13056552,3B,3200,SF@PHI 08/01/2019 01:05PM ET,PHI,0
3B/SS,Mitch Walding (13056553),Mitch Walding,13056553,3B/SS,3200,SF@PHI 08/01/2019 01:05PM ET,PHI,0
1B/OF,Chris Shaw (13056555),Chris Shaw,13056555,1B/OF,3200,SF@PHI 08/01/2019 01:05PM ET,SF,0
SS,Abiatal Avelino (13056557),Abiatal Avelino,13056557,SS,3200,SF@PHI 08/01/2019 01:05PM ET,SF,0
2B/SS,Cristhian Adames (13056559),Cristhian Adames,13056559,2B/SS,3200,SF@PHI 08/01/2019 01:05PM ET,SF,0
3B,Ryder Jones (13056561),Ryder Jones,13056561,3B,3200,SF@PHI 08/01/2019 01:05PM ET,SF,0
OF,Odubel Herrera (13056564),Odubel Herrera,13056564,OF,3200,SF@PHI 08/01/2019 01:05PM ET,PHI,5.28
2B/3B,Miguel Gomez (13056566),Miguel Gomez,13056566,2B/3B,3200,SF@PHI 08/01/2019 01:05PM ET,SF,0
OF,Craig Gentry (13056568),Craig Gentry,13056568,OF,3200,SF@PHI 08/01/2019 01:05PM ET,SF,0
2B,Joe Panik (13056571),Joe Panik,13056571,2B,3200,SF@PHI 08/01/2019 01:05PM ET,SF,5.20
SS,Orlando Arcia (13056572),Orlando Arcia,13056572,SS,3200,MIL@OAK 08/01/2019 03:37PM ET,MIL,5.86
3B,Sheldon Neuse (13056577),Sheldon Neuse,13056577,3B,3200,MIL@OAK 08/01/2019 03:37PM ET,OAK,0
2B/3B,T.J. Rivera (13056585),T.J. Rivera,13056585,2B/3B,3100,NYM@CWS 08/01/2019 02:10PM ET,NYM,0
OF,Matt den Dekker (13056589),Matt den Dekker,13056589,OF,3100,NYM@CWS 08/01/2019 02:10PM ET,NYM,0
C,Devin Mesoraco (13056590),Devin Mesoraco,13056590,C,3100,NYM@CWS 08/01/2019 02:10PM ET,NYM,0
OF,Gregor Blanco (13056591),Gregor Blanco,13056591,OF,3100,NYM@CWS 08/01/2019 02:10PM ET,NYM,0
OF,Aaron Altherr (13056593),Aaron Altherr,13056593,OF,3100,NYM@CWS 08/01/2019 02:10PM ET,NYM,1.25
1B,Gavin Sheets (13056600),Gavin Sheets,13056600,1B,3100,NYM@CWS 08/01/2019 02:10PM ET,CWS,0
1B/3B,Pedro Alvarez (13056581),Pedro Alvarez,13056581,1B/3B,3100,MIN@MIA 08/01/2019 12:10PM ET,MIA,0
OF,LaMonte Wade Jr. (13056587),LaMonte Wade Jr.,13056587,OF,3100,MIN@MIA 08/01/2019 12:10PM ET,MIN,3
2B,Starlin Castro (13056592),Starlin Castro,13056592,2B,3100,MIN@MIA 08/01/2019 12:10PM ET,MIA,5.72
OF,Austin Dean (13056601),Austin Dean,13056601,OF,3100,MIN@MIA 08/01/2019 12:10PM ET,MIA,3.5
SS,Bryson Brigman (13056602),Bryson Brigman,13056602,SS,3100,MIN@MIA 08/01/2019 12:10PM ET,MIA,0
OF,Lane Adams (13056579),Lane Adams,13056579,OF,3100,SF@PHI 08/01/2019 01:05PM ET,PHI,0
OF,John Andreoli (13056580),John Andreoli,13056580,OF,3100,SF@PHI 08/01/2019 01:05PM ET,SF,0
OF,Michael Reed (13056583),Michael Reed,13056583,OF,3100,SF@PHI 08/01/2019 01:05PM ET,SF,0
OF,Luis Barrera (13056584),Luis Barrera,13056584,OF,3100,MIL@OAK 08/01/2019 03:37PM ET,OAK,0
C,Cameron Rupp (13056588),Cameron Rupp,13056588,C,3100,MIL@OAK 08/01/2019 03:37PM ET,OAK,0
OF/SS,Tyler Saladino (13056595),Tyler Saladino,13056595,SS/OF,3100,MIL@OAK 08/01/2019 03:37PM ET,MIL,3.21
3B,David Thompson (13056611),David Thompson,13056611,3B,3000,NYM@CWS 08/01/2019 02:10PM ET,NYM,0
OF,Austin Jackson (13056612),Austin Jackson,13056612,OF,3000,NYM@CWS 08/01/2019 02:10PM ET,NYM,0
SS,Gavin Cecchini (13056613),Gavin Cecchini,13056613,SS,3000,NYM@CWS 08/01/2019 02:10PM ET,NYM,0
OF,Rosell Herrera (13056618),Rosell Herrera,13056618,OF,3000,MIN@MIA 08/01/2019 12:10PM ET,MIA,2.81
3B,James Nelson (13056619),James Nelson,13056619,3B,3000,MIN@MIA 08/01/2019 12:10PM ET,MIA,0
OF,Drew Ferguson (13056603),Drew Ferguson,13056603,OF,3000,SF@PHI 08/01/2019 01:05PM ET,SF,0
2B/3B,Jesmuel Valentin (13056605),Jesmuel Valentin,13056605,2B/3B,3000,SF@PHI 08/01/2019 01:05PM ET,PHI,0
OF,Troy Stokes Jr. (13056604),Troy Stokes Jr.,13056604,OF,3000,MIL@OAK 08/01/2019 03:37PM ET,MIL,0
SS,Jorge Mateo (13056607),Jorge Mateo,13056607,SS,3000,MIL@OAK 08/01/2019 03:37PM ET,OAK,0
1B/2B,Corban Joseph (13056608),Corban Joseph,13056608,1B/2B,3000,MIL@OAK 08/01/2019 03:37PM ET,OAK,0
3B,Lucas Erceg (13056610),Lucas Erceg,13056610,3B,3000,MIL@OAK 08/01/2019 03:37PM ET,MIL,0
2B,Hernan Perez (13056617),Hernan Perez,13056617,2B,3000,MIL@OAK 08/01/2019 03:37PM ET,MIL,4.30
OF,Kevin Kaczmarski (13056630),Kevin Kaczmarski,13056630,OF,2900,NYM@CWS 08/01/2019 02:10PM ET,NYM,0
2B,Yolmer Sanchez (13056631),Yolmer Sanchez,13056631,2B,2900,NYM@CWS 08/01/2019 02:10PM ET,CWS,5.06
SS,Isan Diaz (13056626),Isan Diaz,13056626,SS,2900,MIN@MIA 08/01/2019 12:10PM ET,MIA,0
C,Sean Murphy (13056621),Sean Murphy,13056621,C,2900,MIL@OAK 08/01/2019 03:37PM ET,OAK,0
2B/OF,Nate Orf (13056624),Nate Orf,13056624,2B/OF,2900,MIL@OAK 08/01/2019 03:37PM ET,MIL,0
2B/3B,Cliff Pennington (13056632),Cliff Pennington,13056632,2B/3B,2900,MIL@OAK 08/01/2019 03:37PM ET,OAK,0
2B,Luis Carpio (13056641),Luis Carpio,13056641,2B,2800,NYM@CWS 08/01/2019 02:10PM ET,NYM,0
OF,Braxton Lee (13056645),Braxton Lee,13056645,OF,2800,NYM@CWS 08/01/2019 02:10PM ET,NYM,0
C,Tomas Telis (13056637),Tomas Telis,13056637,C,2800,MIN@MIA 08/01/2019 12:10PM ET,MIN,0
OF/SS,Phil Gosselin (13056638),Phil Gosselin,13056638,SS/OF,2800,SF@PHI 08/01/2019 01:05PM ET,PHI,1.94
OF,Corey Ray (13056634),Corey Ray,13056634,OF,2800,MIL@OAK 08/01/2019 03:37PM ET,MIL,0
OF,Tyrone Taylor (13056635),Tyrone Taylor,13056635,OF,2800,MIL@OAK 08/01/2019 03:37PM ET,MIL,0
1B,Casey Gillaspie (13056652),Casey Gillaspie,13056652,1B,2700,NYM@CWS 08/01/2019 02:10PM ET,CWS,0
OF/SS,Taylor Motter (13056648),Taylor Motter,13056648,SS/OF,2700,MIN@MIA 08/01/2019 12:10PM ET,MIN,0
C,Rob Brantly (13056650),Rob Brantly,13056650,C,2700,SF@PHI 08/01/2019 01:05PM ET,PHI,0
OF,Shane Robinson (13056651),Shane Robinson,13056651,OF,2700,SF@PHI 08/01/2019 01:05PM ET,PHI,0
2B/SS,Danny Espinosa (13056658),Danny Espinosa,13056658,2B/SS,2600,NYM@CWS 08/01/2019 02:10PM ET,NYM,0
OF,Blake Rutherford (13056660),Blake Rutherford,13056660,OF,2600,NYM@CWS 08/01/2019 02:10PM ET,CWS,0
OF,Luis Basabe (13056662),Luis Basabe,13056662,OF,2600,NYM@CWS 08/01/2019 02:10PM ET,CWS,0
SS,Luis Guillorme (13056663),Luis Guillorme,13056663,SS,2600,NYM@CWS 08/01/2019 02:10PM ET,NYM,1.29
OF,Jacob Pearson (13056661),Jacob Pearson,13056661,OF,2600,MIN@MIA 08/01/2019 12:10PM ET,MIN,0
OF,Cornelius Randolph (13056656),Cornelius Randolph,13056656,OF,2600,SF@PHI 08/01/2019 01:05PM ET,PHI,0
OF,Mickey Moniak (13056657),Mickey Moniak,13056657,OF,2600,SF@PHI 08/01/2019 01:05PM ET,PHI,0
2B/SS,Arismendy Alcantara (13056674),Arismendy Alcantara,13056674,2B/SS,2500,NYM@CWS 08/01/2019 02:10PM ET,NYM,0
SS,Laz Rivera (13056678),Laz Rivera,13056678,SS,2500,NYM@CWS 08/01/2019 02:10PM ET,CWS,0
OF,Brent Rooker (13056668),Brent Rooker,13056668,OF,2500,MIN@MIA 08/01/2019 12:10PM ET,MIN,0
SS,Royce Lewis (13056669),Royce Lewis,13056669,SS,2500,MIN@MIA 08/01/2019 12:10PM ET,MIN,0
OF,Gilberto Celestino (13056679),Gilberto Celestino,13056679,OF,2500,MIN@MIA 08/01/2019 12:10PM ET,MIN,0
1B/C,Matt McBride (13056666),Matt McBride,13056666,C/1B,2500,SF@PHI 08/01/2019 01:05PM ET,PHI,0
2B,Daniel Brito (13056670),Daniel Brito,13056670,2B,2500,SF@PHI 08/01/2019 01:05PM ET,PHI,0
OF,Austin Beck (13056671),Austin Beck,13056671,OF,2500,MIL@OAK 08/01/2019 03:37PM ET,OAK,0
OF,Jameson Hannah (13056672),Jameson Hannah,13056672,OF,2500,MIL@OAK 08/01/2019 03:37PM ET,OAK,0
OF,Greg Deichmann (13056673),Greg Deichmann,13056673,OF,2500,MIL@OAK 08/01/2019 03:37PM ET,OAK,0
SS,Brice Turang (13056677),Brice Turang,13056677,SS,2500,MIL@OAK 08/01/2019 03:37PM ET,MIL,0
SS,Luis Curbelo (13056689),Luis Curbelo,13056689,SS,2400,NYM@CWS 08/01/2019 02:10PM ET,CWS,0
OF,Alex Kirilloff (13056682),Alex Kirilloff,13056682,OF,2400,MIN@MIA 08/01/2019 12:10PM ET,MIN,0
2B/3B,Adam Rosales (13056686),Adam Rosales,13056686,2B/3B,2400,MIN@MIA 08/01/2019 12:10PM ET,MIN,0
C,Chris Gimenez (13056688),Chris Gimenez,13056688,C,2400,MIN@MIA 08/01/2019 12:10PM ET,MIN,0
2B/OF,Andrew Romine (13056683),Andrew Romine,13056683,2B/OF,2400,SF@PHI 08/01/2019 01:05PM ET,PHI,0
SS,Arquimedes Gamboa (13056685),Arquimedes Gamboa,13056685,SS,2400,SF@PHI 08/01/2019 01:05PM ET,PHI,0
OF,Victor Victor Mesa (13056696),Victor Victor Mesa,13056696,OF,2300,MIN@MIA 08/01/2019 12:10PM ET,MIA,0
2B/SS,Ronald Torreyes (13056702),Ronald Torreyes,13056702,2B/SS,2300,MIN@MIA 08/01/2019 12:10PM ET,MIN,0
2B/SS,Gift Ngoepe (13056693),Gift Ngoepe,13056693,2B/SS,2300,SF@PHI 08/01/2019 01:05PM ET,PHI,0
2B/SS,Gregorio Petit (13056698),Gregorio Petit,13056698,2B/SS,2300,SF@PHI 08/01/2019 01:05PM ET,PHI,0
OF,Tristen Lutz (13056695),Tristen Lutz,13056695,OF,2300,MIL@OAK 08/01/2019 03:37PM ET,MIL,0
SS,Ronny Mauricio (13056711),Ronny Mauricio,13056711,SS,2200,NYM@CWS 08/01/2019 02:10PM ET,NYM,0
SS,Nick Gordon (13056710),Nick Gordon,13056710,SS,2200,MIN@MIA 08/01/2019 12:10PM ET,MIN,0
OF,Tristan Pompey (13056712),Tristan Pompey,13056712,OF,2200,MIN@MIA 08/01/2019 12:10PM ET,MIA,0
OF,Stone Garrett (13056718),Stone Garrett,13056718,OF,2100,MIN@MIA 08/01/2019 12:10PM ET,MIA,0
SS,Wander Javier (13056719),Wander Javier,13056719,SS,2100,MIN@MIA 08/01/2019 12:10PM ET,MIN,0
OF/SS,JT Riddle (13056720),JT Riddle,13056720,SS/OF,2100,MIN@MIA 08/01/2019 12:10PM ET,MIA,3.86
